 THIS SOFTWARE AND ANY ACCOMPANYING DOCUMENTATION
 IS RELEASED "AS IS".  THE U.S. GOVERNMENT MAKES NO
 WARRANTY OF ANY KIND, EXPRESS OR IMPLIED, CONCERNING
 THIS SOFTWARE AND ANY ACCOMPANYING DOCUMENTATION,
 INCLUDING, WITHOUT LIMITATION, ANY WARRANTIES OF
 MERCHANTABILITY OR FITNESS FOR A PARTICULAR PURPOSE.
 IN NO EVENT WILL THE U.S. GOVERNMENT BE LIABLE FOR ANY
 DAMAGES, INCLUDING LOST PROFITS, LOST SAVINGS OR OTHER
 INCIDENTAL OR CONSEQUENTIAL DAMAGES ARISING OUT OF THE 
 USE, OR INABILITY TO USE, THIS SOFTWARE OR ANY
 ACCOMPANYING DOCUMENTATION, EVEN IF INFORMED IN ADVANCE
 OF THE POSSIBILITY OF SUCH DAMAGES.








                                        ****************************************************
                                        *    USAF STABILITY AND CONTROL  DIGITAL DATCOM    *
                                        *    PROGRAM REV. JAN 96   DIRECT INQUIRIES TO:    *
                                        *   WRIGHT LABORATORY  (WL/FIGC)  ATTN: W. BLAKE   *
                                        *         WRIGHT PATTERSON AFB, OHIO  45433        *
                                        *    PHONE (513) 255-6764,   FAX (513) 258-4054    *
                                        ****************************************************
1                         CONERR - INPUT ERROR CHECKING
0 ERROR CODES - N* DENOTES THE NUMBER OF OCCURENCES OF EACH ERROR
0 A - UNKNOWN VARIABLE NAME
0 B - MISSING EQUAL SIGN FOLLOWING VARIABLE NAME
0 C - NON-ARRAY VARIABLE HAS AN ARRAY ELEMENT DESIGNATION - (N)
0 D - NON-ARRAY VARIABLE HAS MULTIPLE VALUES ASSIGNED
0 E - ASSIGNED VALUES EXCEED ARRAY DIMENSION
0 F - SYNTAX ERROR

0******************************  INPUT DATA CARDS  ******************************

 DIM M                                                                           
 DERIV DEG                                                                       
 DAMP                                                                            
  $FLTCON NMACH=5.0,MACH(1)=0.1,0.2,0.25,0.3,0.35$                               
  $FLTCON                                                                        
   NALPHA=10.0,ALSCHD(1)=-16.0,-12.0,-8.0,-4.0,-2.0,0.0,2.0,4.0,6.0,8.0$         
  $FLTCON                                                                        
   NALT=6.0,                                                                     
   ALT(1)= 1.0, 3000.0,7000.0,7500.0,8000.0,15000.0,                             
   WT=5000.0,LOOP=2.0$                                                           
  $SYNTHS XCG=8.36,ZCG=0.0,XW=6.75,ZW=2.0,ALIW=2.0,XH=16.21,                     
   ZH=3.5,ALIH=0.0,XV=13.4,ZV=0.0,ZVF=0.15,SCALE=1.0,VERTUP=.TRUE.$              
  $BODY NX=11.0,                                                                 
   X(1)=0.0,0.424,0.9296,1.3576,1.7828, 2.4165,                                  
   7.9593,8.7084,10.5744, 11.3374,19.6924,                                       
   R(1)=0.0,0.96, 1.09985, 1.205, 1.26918,                                       
   1.36,1.36,1.235,1.036,1.036,0.1,                                              
   ZU(1)=0.0,0.573,1.105, 1.6352, 1.7732,1.771,                                  
   1.75894,1.75894, 2.041, 1.763,1.718,                                          
   ZL(1)=0.0,-0.82,-1.2712,-1.3847,-1.4518,-1.4708,                              
   -1.4836,-1.166,-0.95,-0.870,-0.1,                                             
   BNOSE=1.0, BLN=0.9296                                                            ** ERROR **  0*A  0*B  0*C  0*D  0*E 58*F
   BTAIL=1.0, BLA =9.118$                                                        
  $OPTINS ROUGFC=0.25E-3, SREF=19.588, CBARR= 2.353,BLREF=9.62$                  
 NACA W 4 4417                                                                   
  $WGPLNF CHRDTP=1.91,SSPNOP=1.12,SSPNE=13.63,SSPN=15.0,                         
   CHRDBP=3.54,CHRDR=3.54,SAVSI=0.0,SAVSO=0.0,CHSTAT=0.25,                       
   TWISTA=0.0,SSPNDD=0.41,DHDADI=0.0,DHDADO=75.0,TYPE=1.0$                       
  $SYMFLP                                                                        
   FTYPE=1.0,                                                                    
   CHRDFI=1.0,                                                                   
   CHRDFO=1.0,                                                                   
   SPANFI=1.5,                                                                   
   SPANFO=9.25,                                                                  
   CB=0.25,                                                                      
   TC=0.4,                                                                       
   NTYPE=1.0,                                                                    
   PHETE = 0.0522,                                                               
   PHETEP=0.0391,                                                                
   NDELTA=7.0,                                                                   
   DELTA(1)=-20.0,-10.0,-5.0,0.0,7.5,15.0,20.0$                                  
  $ASYFLP                                                                        
   STYPE = 4.0,                                                                  
   CHRDFI=1.0,                                                                   
   CHRDFO= 1.0,                                                                  
   SPANFI=9.0,                                                                   
   SPANFO=13.5,                                                                  
   NDELTA=9.0,                                                                   
   DELTAL(1)=20.,15.,10.,5.,0.,-2.5,-5.,-10.,-15.,                               
   DELTAR(1)=20.,15.,10.,5.,0.,-2.5,-5.,-10.,-15.$                               
  $SYMFLP                                                                        
   FTYPE=1.0,                                                                    
   CHRDFI=1.0,                                                                   
   CHRDFO=1.0,                                                                   
   SPANFI=0.5,                                                                   
   SPANFO=5.0,                                                                   
   CB=0.12,                                                                      
   TC=0.25,                                                                      
   NTYPE=1.0,                                                                    
   PHETE = 0.0522,                                                               
   PHETEP=0.0391,                                                                
   NDELTA=7.0,                                                                   
   DELTA(1)=-20.0,-10.0,-5.0,0.0,7.5,15.0,20.0$                                  
 NACA H 4 0012                                                                   
  $HTPLNF CHRDTP=2.75,SSPNOP=3.02,SSPNE=4.75,SSPN=5.16,                          
   CHRDBP=2.75,CHRDR=2.75,SAVSI=0.0,SAVSO=0.0,                                   
   CHSTAT=0.25,TYPE=1.0$                                                         
 NACA V 4 0012                                                                   
  $VTPLNF CHRDTP=1.883,SSPNE=4.94,SSPN=6.61,CHRDR=6.0,SAVSI=34.0,                
   CHSTAT=0.25,TYPE=1.0$                                                         
 CASEID TOTAL AIRCRAFT                                                           
1          THE FOLLOWING IS A LIST OF ALL INPUT CARDS FOR THIS CASE.
0
 DIM M                                                                           
 DERIV DEG                                                                       
 DAMP                                                                            
  $FLTCON NMACH=5.0,MACH(1)=0.1,0.2,0.25,0.3,0.35$                               
  $FLTCON                                                                        
   NALPHA=10.0,ALSCHD(1)=-16.0,-12.0,-8.0,-4.0,-2.0,0.0,2.0,4.0,6.0,8.0$         
  $FLTCON                                                                        
   NALT=6.0,                                                                     
   ALT(1)= 1.0, 3000.0,7000.0,7500.0,8000.0,15000.0,                             
   WT=5000.0,LOOP=2.0$                                                           
  $SYNTHS XCG=8.36,ZCG=0.0,XW=6.75,ZW=2.0,ALIW=2.0,XH=16.21,                     
   ZH=3.5,ALIH=0.0,XV=13.4,ZV=0.0,ZVF=0.15,SCALE=1.0,VERTUP=.TRUE.$              
  $BODY NX=11.0,                                                                 
   X(1)=0.0,0.424,0.9296,1.3576,1.7828, 2.4165,                                  
   7.9593,8.7084,10.5744, 11.3374,19.6924,                                       
   R(1)=0.0,0.96, 1.09985, 1.205, 1.26918,                                       
   1.36,1.36,1.235,1.036,1.036,0.1,                                              
   ZU(1)=0.0,0.573,1.105, 1.6352, 1.7732,1.771,                                  
   1.75894,1.75894, 2.041, 1.763,1.718,                                          
   ZL(1)=0.0,-0.82,-1.2712,-1.3847,-1.4518,-1.4708,                              
   -1.4836,-1.166,-0.95,-0.870,-0.1,                                             
   BNOSE=1.0, BLN=0.9296                                                         
   BTAIL=1.0, BLA =9.118$                                                        
  $OPTINS ROUGFC=0.25E-3, SREF=19.588, CBARR= 2.353,BLREF=9.62$                  
 NACA W 4 4417                                                                   
  $WGPLNF CHRDTP=1.91,SSPNOP=1.12,SSPNE=13.63,SSPN=15.0,                         
   CHRDBP=3.54,CHRDR=3.54,SAVSI=0.0,SAVSO=0.0,CHSTAT=0.25,                       
   TWISTA=0.0,SSPNDD=0.41,DHDADI=0.0,DHDADO=75.0,TYPE=1.0$                       
  $SYMFLP                                                                        
   FTYPE=1.0,                                                                    
   CHRDFI=1.0,                                                                   
   CHRDFO=1.0,                                                                   
   SPANFI=1.5,                                                                   
   SPANFO=9.25,                                                                  
   CB=0.25,                                                                      
   TC=0.4,                                                                       
   NTYPE=1.0,                                                                    
   PHETE = 0.0522,                                                               
   PHETEP=0.0391,                                                                
   NDELTA=7.0,                                                                   
   DELTA(1)=-20.0,-10.0,-5.0,0.0,7.5,15.0,20.0$                                  
  $ASYFLP                                                                        
   STYPE = 4.0,                                                                  
   CHRDFI=1.0,                                                                   
   CHRDFO= 1.0,                                                                  
   SPANFI=9.0,                                                                   
   SPANFO=13.5,                                                                  
   NDELTA=9.0,                                                                   
   DELTAL(1)=20.,15.,10.,5.,0.,-2.5,-5.,-10.,-15.,                               
   DELTAR(1)=20.,15.,10.,5.,0.,-2.5,-5.,-10.,-15.$                               
  $SYMFLP                                                                        
   FTYPE=1.0,                                                                    
   CHRDFI=1.0,                                                                   
   CHRDFO=1.0,                                                                   
   SPANFI=0.5,                                                                   
   SPANFO=5.0,                                                                   
   CB=0.12,                                                                      
   TC=0.25,                                                                      
   NTYPE=1.0,                                                                    
   PHETE = 0.0522,                                                               
   PHETEP=0.0391,                                                                
   NDELTA=7.0,                                                                   
   DELTA(1)=-20.0,-10.0,-5.0,0.0,7.5,15.0,20.0$                                  
 NACA H 4 0012                                                                   
  $HTPLNF CHRDTP=2.75,SSPNOP=3.02,SSPNE=4.75,SSPN=5.16,                          
   CHRDBP=2.75,CHRDR=2.75,SAVSI=0.0,SAVSO=0.0,                                   
   CHSTAT=0.25,TYPE=1.0$                                                         
 NACA V 4 0012                                                                   
  $VTPLNF CHRDTP=1.883,SSPNE=4.94,SSPN=6.61,CHRDR=6.0,SAVSI=34.0,                
   CHSTAT=0.25,TYPE=1.0$                                                         
 CASEID TOTAL AIRCRAFT                                                           
0 INPUT DIMENSIONS ARE IN M , SCALE FACTOR IS 1.0000

1                             AUTOMATED STABILITY AND CONTROL METHODS PER APRIL 1976 VERSION OF DATCOM   
                                                        WING SECTION DEFINITION
0                                 IDEAL ANGLE OF ATTACK =    .51514 DEG.

                              ZERO LIFT ANGLE OF ATTACK =  -3.60056 DEG.

                                 IDEAL LIFT COEFFICIENT =    .51204

                  ZERO LIFT PITCHING MOMENT COEFFICIENT =   -.09972

                             MACH ZERO LIFT-CURVE-SLOPE =    .09251 /DEG.

                                    LEADING EDGE RADIUS =    .03184 FRACTION CHORD

                              MAXIMUM AIRFOIL THICKNESS =    .17000 FRACTION CHORD

                                                DELTA-Y =   4.48938 PERCENT CHORD


0                         MACH=  .1000 LIFT-CURVE-SLOPE =    .09279 /DEG.      XAC =    .25990
0                         MACH=  .2000 LIFT-CURVE-SLOPE =    .09369 /DEG.      XAC =    .26082
0                         MACH=  .2500 LIFT-CURVE-SLOPE =    .09439 /DEG.      XAC =    .26152
0                         MACH=  .3000 LIFT-CURVE-SLOPE =    .09530 /DEG.      XAC =    .26241
0                         MACH=  .3500 LIFT-CURVE-SLOPE =    .09643 /DEG.      XAC =    .26347
1                             AUTOMATED STABILITY AND CONTROL METHODS PER APRIL 1976 VERSION OF DATCOM   
                                                   HORIZONTAL TAIL SECTION DEFINITION
0                                 IDEAL ANGLE OF ATTACK =    .00000 DEG.

                              ZERO LIFT ANGLE OF ATTACK =    .00000 DEG.

                                 IDEAL LIFT COEFFICIENT =    .00000

                  ZERO LIFT PITCHING MOMENT COEFFICIENT =    .00000

                             MACH ZERO LIFT-CURVE-SLOPE =    .09596 /DEG.

                                    LEADING EDGE RADIUS =    .01587 FRACTION CHORD

                              MAXIMUM AIRFOIL THICKNESS =    .12000 FRACTION CHORD

                                                DELTA-Y =   3.16898 PERCENT CHORD


0                         MACH=  .1000 LIFT-CURVE-SLOPE =    .09636 /DEG.      XAC =    .25852
0                         MACH=  .2000 LIFT-CURVE-SLOPE =    .09761 /DEG.      XAC =    .25881
0                         MACH=  .2500 LIFT-CURVE-SLOPE =    .09859 /DEG.      XAC =    .25902
0                         MACH=  .3000 LIFT-CURVE-SLOPE =    .09985 /DEG.      XAC =    .25927
0                         MACH=  .3500 LIFT-CURVE-SLOPE =    .10141 /DEG.      XAC =    .25956
1                             AUTOMATED STABILITY AND CONTROL METHODS PER APRIL 1976 VERSION OF DATCOM   
                                                    VERTICAL TAIL SECTION DEFINITION
0                                 IDEAL ANGLE OF ATTACK =    .00000 DEG.

                              ZERO LIFT ANGLE OF ATTACK =    .00000 DEG.

                                 IDEAL LIFT COEFFICIENT =    .00000

                  ZERO LIFT PITCHING MOMENT COEFFICIENT =    .00000

                             MACH ZERO LIFT-CURVE-SLOPE =    .09596 /DEG.

                                    LEADING EDGE RADIUS =    .01587 FRACTION CHORD

                              MAXIMUM AIRFOIL THICKNESS =    .12000 FRACTION CHORD

                                                DELTA-Y =   3.16898 PERCENT CHORD


0                         MACH=  .1000 LIFT-CURVE-SLOPE =    .09636 /DEG.      XAC =    .25852
0                         MACH=  .2000 LIFT-CURVE-SLOPE =    .09761 /DEG.      XAC =    .25881
0                         MACH=  .2500 LIFT-CURVE-SLOPE =    .09859 /DEG.      XAC =    .25902
0                         MACH=  .3000 LIFT-CURVE-SLOPE =    .09985 /DEG.      XAC =    .25927
0                         MACH=  .3500 LIFT-CURVE-SLOPE =    .10141 /DEG.      XAC =    .25956
 WARNING*** BODY ALONE DYNAMIC DERIVATIVE METHOD VALID FOR NOSE CYLINDER ONLY
            TAIL EFFECTS IGNORED]
1                               AUTOMATED STABILITY AND CONTROL METHODS PER APRIL 1976 VERSION OF DATCOM
                                         CHARACTERISTICS AT ANGLE OF ATTACK AND IN SIDESLIP
                                        WING-BODY-VERTICAL TAIL-HORIZONTAL TAIL CONFIGURATION
                                                          TOTAL AIRCRAFT
 
 -----------------------  FLIGHT CONDITIONS  ------------------------           --------------  REFERENCE DIMENSIONS  ------------
  MACH    ALTITUDE   VELOCITY    PRESSURE    TEMPERATURE     REYNOLDS             REF.      REFERENCE LENGTH   MOMENT REF. CENTER
 NUMBER                                                       NUMBER              AREA       LONG.     LAT.     HORIZ      VERT
              M        M/SEC      N/ M**2       DEG K         1/ M                M**2         M         M         M         M
0  .100       1.00      34.03   1.0131E+05     288.143     2.3187E+06            19.588      2.353     9.620     8.360      .000
0                                                               -------------------DERIVATIVE (PER DEGREE)-------------------
0 ALPHA     CD       CL       CM       CN       CA       XCP        CLA          CMA          CYB          CNB          CLB
0
  -16.0     .404   -6.039    -.1191  -5.917   -1.276     .020    5.085E-01    4.089E-01   -6.480E-02    2.055E-02   -3.749E-02
  -12.0     .232   -3.932     .5748  -3.895    -.590    -.148    5.224E-01    1.375E-01                             -3.706E-02
   -8.0     .128   -1.860     .9807  -1.860    -.132    -.527    5.087E-01    6.441E-02                             -3.682E-02
   -4.0     .088     .137    1.0901    .130     .097    8.358    5.084E-01    1.684E-02                             -3.668E-02
   -2.0     .093    1.163    1.1132   1.159     .133     .960    5.223E-01    6.434E-03                             -3.662E-02
     .0     .117    2.226    1.1158   2.226     .117     .501    5.410E-01   -6.960E-03                             -3.657E-02
    2.0     .161    3.327    1.0854   3.330     .045     .326    5.598E-01   -2.478E-02                             -3.654E-02
    4.0     .227    4.466    1.0167   4.471    -.085     .227    5.770E-01   -4.632E-02                             -3.652E-02
    6.0     .318    5.635     .9001   5.637    -.273     .160    5.698E-01   -7.562E-02                             -3.651E-02
    8.0     .425    6.745     .7142   6.738    -.518     .106    5.401E-01   -1.103E-01                             -3.642E-02
0                                    ALPHA     Q/QINF    EPSLON  D(EPSLON)/D(ALPHA)
0
                                    -16.0      1.000     -4.670         .441
                                    -12.0      1.000     -2.906         .447
                                     -8.0      1.000     -1.098         .454
                                     -4.0      1.000       .723         .473
                                     -2.0      1.000      1.686         .490
                                       .0      1.000      2.682         .496
                                      2.0      1.000      3.668         .488
                                      4.0      1.000      4.633         .473
                                      6.0      1.000      5.559         .457
                                      8.0      1.000      6.461         .451
1                               AUTOMATED STABILITY AND CONTROL METHODS PER APRIL 1976 VERSION OF DATCOM
                                                         DYNAMIC DERIVATIVES
                                        WING-BODY-VERTICAL TAIL-HORIZONTAL TAIL CONFIGURATION
                                                          TOTAL AIRCRAFT
 
 -----------------------  FLIGHT CONDITIONS  ------------------------           --------------  REFERENCE DIMENSIONS  ------------
  MACH    ALTITUDE   VELOCITY    PRESSURE    TEMPERATURE     REYNOLDS             REF.      REFERENCE LENGTH   MOMENT REF. CENTER
 NUMBER                                                       NUMBER              AREA       LONG.     LAT.     HORIZ      VERT
              M        M/SEC      N/ M**2       DEG K         1/ M                M**2         M         M         M         M
0  .100       1.00      34.03   1.0131E+05     288.143     2.3187E+06            19.588      2.353     9.620     8.360      .000
                                                    DYNAMIC DERIVATIVES (PER DEGREE)
0           -------PITCHING-------    -----ACCELERATION------    --------------ROLLING--------------    --------YAWING--------
0   ALPHA       CLQ          CMQ           CLAD         CMAD         CLP          CYP          CNP          CNR          CLR
0
   -16.00    1.898E-01   -5.433E-01     5.194E-02   -1.903E-01   -4.764E-01   -1.298E-02    7.910E-02   -6.075E-02    1.612E-02
   -12.00                               5.259E-02   -1.927E-01   -4.573E-01   -1.719E-02    5.079E-02   -5.988E-02    2.095E-02
    -8.00                               5.343E-02   -1.957E-01   -4.346E-01   -2.090E-02    2.266E-02   -6.140E-02    2.491E-02
    -4.00                               5.568E-02   -2.040E-01   -4.319E-01   -2.397E-02   -4.767E-03   -6.495E-02    2.792E-02
    -2.00                               5.769E-02   -2.114E-01   -4.459E-01   -2.561E-02   -1.902E-02   -6.743E-02    2.937E-02
      .00                               5.837E-02   -2.138E-01   -4.613E-01   -2.737E-02   -3.365E-02   -7.044E-02    3.085E-02
     2.00                               5.746E-02   -2.105E-01   -4.731E-01   -2.922E-02   -4.865E-02   -7.404E-02    3.233E-02
     4.00                               5.568E-02   -2.040E-01   -4.811E-01   -3.114E-02   -6.400E-02   -7.826E-02    3.379E-02
     6.00                               5.383E-02   -1.972E-01   -4.646E-01   -3.319E-02   -8.060E-02   -8.311E-02    3.521E-02
     8.00                               5.315E-02   -1.947E-01   -4.257E-01   -3.486E-02   -9.671E-02   -8.815E-02    3.625E-02
0*** VEHICLE WEIGHT =   5000.00 N. 
0*** LEVEL FLIGHT LIFT COEFFICIENT = 1.60104
1                            AUTOMATED STABILITY AND CONTROL METHODS PER APRIL 1976 VERSION OF DATCOM
                                         CHARACTERISTICS OF HIGH LIFT AND CONTROL DEVICES
                                            TAIL PLAIN TRAILING-EDGE FLAP CONFIGURATION
                                                          TOTAL AIRCRAFT
 -----------------------  FLIGHT CONDITIONS  ------------------------           --------------  REFERENCE DIMENSIONS  ------------
  MACH    ALTITUDE   VELOCITY    PRESSURE    TEMPERATURE     REYNOLDS             REF.      REFERENCE LENGTH   MOMENT REF. CENTER
 NUMBER                                                       NUMBER              AREA       LONG.     LAT.     HORIZ      VERT
              M        M/SEC      N/ M**2       DEG K         1/ M                M**2         M         M         M         M
0  .100       1.00      34.03   4.4193E+01     933.585     2.1542E+05            19.588      2.353     9.620     8.360      .000
0            ---------INCREMENTS DUE TO DEFLECTION---------              ---DERIVATIVES (PER DEGREE)---
0     DELTA     D(CL)     D(CM)    D(CL MAX)    D(CD MIN)                (CLA)D     (CH)A       (CH)D


      -20.0     -.148     3.0494      .678       .05697                  NDM      -5.599E-03  -1.324E-02
      -10.0     -.097     1.9693      .392       .01911                  NDM                  -1.223E-02
       -5.0     -.048      .9846      .202       .00955                  NDM                  -1.223E-02
         .0      .000     -.0020      .000       .00002                  NDM                  -1.223E-02
        7.5      .072    -1.4770      .297       .01433                  NDM                  -1.223E-02
       15.0      .139    -2.8255      .547       .03787                  NDM                  -1.242E-02
       20.0      .148    -3.0672      .678       .05697                  NDM                  -1.324E-02
0  *** NOTE * HINGE MOMENT DERIVATIVES ARE BASED ON TWICE THE AREA-MOMENT OF THE CONTROL ABOUT ITS HINGE LINE

0            --------- INDUCED DRAG COEFFICIENT INCREMENT , D(CDI) , DUE TO DEFLECTION ---------
0       DELTA = -20.0     -10.0      -5.0        .0       7.5      15.0      20.0
   ALPHA
0
   -16.0        1.10E-01  6.17E-02  2.61E-02 -4.28E-05 -2.15E-02 -2.25E-02 -2.11E-02
   -12.0        9.14E-02  4.94E-02  2.00E-02 -3.04E-05 -1.22E-02 -4.73E-03 -2.14E-03
    -8.0        7.28E-02  3.73E-02  1.39E-02 -1.83E-05 -3.12E-03  1.26E-02  1.65E-02
    -4.0        5.44E-02  2.52E-02  7.89E-03 -6.30E-06  5.90E-03  2.99E-02  3.49E-02
    -2.0        4.56E-02  1.95E-02  5.02E-03 -5.71E-07  1.02E-02  3.82E-02  4.37E-02
      .0        3.70E-02  1.40E-02  2.25E-03  4.97E-06  1.44E-02  4.61E-02  5.23E-02
     2.0        2.84E-02  8.36E-03 -5.48E-04  1.06E-05  1.86E-02  5.42E-02  6.09E-02
     4.0        1.97E-02  2.65E-03 -3.41E-03  1.63E-05  2.28E-02  6.24E-02  6.96E-02
     6.0        1.05E-02 -3.29E-03 -6.37E-03  2.22E-05  2.73E-02  7.09E-02  7.88E-02
     8.0        1.23E-03 -9.35E-03 -9.40E-03  2.83E-05  3.18E-02  7.96E-02  8.81E-02
0***NDM PRINTED WHEN NO DATCOM METHODS EXIST
 WARNING*** BODY ALONE DYNAMIC DERIVATIVE METHOD VALID FOR NOSE CYLINDER ONLY
            TAIL EFFECTS IGNORED]
1                               AUTOMATED STABILITY AND CONTROL METHODS PER APRIL 1976 VERSION OF DATCOM
                                         CHARACTERISTICS AT ANGLE OF ATTACK AND IN SIDESLIP
                                        WING-BODY-VERTICAL TAIL-HORIZONTAL TAIL CONFIGURATION
                                                          TOTAL AIRCRAFT
 
 -----------------------  FLIGHT CONDITIONS  ------------------------           --------------  REFERENCE DIMENSIONS  ------------
  MACH    ALTITUDE   VELOCITY    PRESSURE    TEMPERATURE     REYNOLDS             REF.      REFERENCE LENGTH   MOMENT REF. CENTER
 NUMBER                                                       NUMBER              AREA       LONG.     LAT.     HORIZ      VERT
              M        M/SEC      N/ M**2       DEG K         1/ M                M**2         M         M         M         M
0  .200       1.00      68.05   1.0131E+05     288.143     4.6375E+06            19.588      2.353     9.620     8.360      .000
0                                                               -------------------DERIVATIVE (PER DEGREE)-------------------
0 ALPHA     CD       CL       CM       CN       CA       XCP        CLA          CMA          CYB          CNB          CLB
0
  -16.0     .400   -6.070    -.1224  -5.945   -1.289     .021    5.104E-01    4.101E-01   -6.499E-02    1.930E-02   -3.759E-02
  -12.0     .227   -3.954     .5755  -3.915    -.600    -.147    5.248E-01    1.383E-01                             -3.716E-02
   -8.0     .122   -1.871     .9839  -1.870    -.140    -.526    5.116E-01    6.496E-02                             -3.692E-02
   -4.0     .082     .138    1.0952    .132     .091    8.278    5.116E-01    1.716E-02                             -3.677E-02
   -2.0     .086    1.171    1.1188   1.167     .127     .959    5.253E-01    6.508E-03                             -3.671E-02
     .0     .111    2.240    1.1212   2.240     .111     .501    5.438E-01   -7.190E-03                             -3.667E-02
    2.0     .155    3.346    1.0901   3.349     .038     .325    5.624E-01   -2.531E-02                             -3.664E-02
    4.0     .222    4.490    1.0200   4.494    -.091     .227    5.794E-01   -4.724E-02                             -3.663E-02
    6.0     .313    5.663     .9011   5.665    -.280     .159    5.697E-01   -7.788E-02                             -3.662E-02
    8.0     .420    6.768     .7084   6.761    -.526     .105    5.352E-01   -1.148E-01                             -3.652E-02
0                                    ALPHA     Q/QINF    EPSLON  D(EPSLON)/D(ALPHA)
0
                                    -16.0      1.000     -4.685         .442
                                    -12.0      1.000     -2.917         .448
                                     -8.0      1.000     -1.102         .455
                                     -4.0      1.000       .726         .474
                                     -2.0      1.000      1.692         .492
                                       .0      1.000      2.692         .497
                                      2.0      1.000      3.681         .489
                                      4.0      1.000      4.649         .474
                                      6.0      1.000      5.575         .457
                                      8.0      1.000      6.475         .450
1                               AUTOMATED STABILITY AND CONTROL METHODS PER APRIL 1976 VERSION OF DATCOM
                                                         DYNAMIC DERIVATIVES
                                        WING-BODY-VERTICAL TAIL-HORIZONTAL TAIL CONFIGURATION
                                                          TOTAL AIRCRAFT
 
 -----------------------  FLIGHT CONDITIONS  ------------------------           --------------  REFERENCE DIMENSIONS  ------------
  MACH    ALTITUDE   VELOCITY    PRESSURE    TEMPERATURE     REYNOLDS             REF.      REFERENCE LENGTH   MOMENT REF. CENTER
 NUMBER                                                       NUMBER              AREA       LONG.     LAT.     HORIZ      VERT
              M        M/SEC      N/ M**2       DEG K         1/ M                M**2         M         M         M         M
0  .200       1.00      68.05   1.0131E+05     288.143     4.6375E+06            19.588      2.353     9.620     8.360      .000
                                                    DYNAMIC DERIVATIVES (PER DEGREE)
0           -------PITCHING-------    -----ACCELERATION------    --------------ROLLING--------------    --------YAWING--------
0   ALPHA       CLQ          CMQ           CLAD         CMAD         CLP          CYP          CNP          CNR          CLR
0
   -16.00    1.905E-01   -5.398E-01     5.166E-02   -1.892E-01   -4.792E-01   -1.317E-02    7.914E-02   -6.083E-02    1.594E-02
   -12.00                               5.233E-02   -1.917E-01   -4.606E-01   -1.737E-02    5.084E-02   -5.992E-02    2.088E-02
    -8.00                               5.319E-02   -1.949E-01   -4.382E-01   -2.108E-02    2.270E-02   -6.144E-02    2.496E-02
    -4.00                               5.544E-02   -2.031E-01   -4.357E-01   -2.415E-02   -4.754E-03   -6.500E-02    2.808E-02
    -2.00                               5.743E-02   -2.104E-01   -4.496E-01   -2.579E-02   -1.902E-02   -6.749E-02    2.959E-02
      .00                               5.809E-02   -2.128E-01   -4.649E-01   -2.755E-02   -3.365E-02   -7.053E-02    3.112E-02
     2.00                               5.716E-02   -2.094E-01   -4.764E-01   -2.940E-02   -4.865E-02   -7.416E-02    3.265E-02
     4.00                               5.535E-02   -2.028E-01   -4.841E-01   -3.132E-02   -6.399E-02   -7.841E-02    3.417E-02
     6.00                               5.336E-02   -1.955E-01   -4.649E-01   -3.337E-02   -8.071E-02   -8.330E-02    3.564E-02
     8.00                               5.258E-02   -1.926E-01   -4.207E-01   -3.499E-02   -9.684E-02   -8.832E-02    3.669E-02
0*** VEHICLE WEIGHT =  22241.11 N. 
0*** LEVEL FLIGHT LIFT COEFFICIENT = 1.78045
1                            AUTOMATED STABILITY AND CONTROL METHODS PER APRIL 1976 VERSION OF DATCOM
                                         CHARACTERISTICS OF HIGH LIFT AND CONTROL DEVICES
                                            TAIL PLAIN TRAILING-EDGE FLAP CONFIGURATION
                                                          TOTAL AIRCRAFT
 -----------------------  FLIGHT CONDITIONS  ------------------------           --------------  REFERENCE DIMENSIONS  ------------
  MACH    ALTITUDE   VELOCITY    PRESSURE    TEMPERATURE     REYNOLDS             REF.      REFERENCE LENGTH   MOMENT REF. CENTER
 NUMBER                                                       NUMBER              AREA       LONG.     LAT.     HORIZ      VERT
              M        M/SEC      N/ M**2       DEG K         1/ M                M**2         M         M         M         M
0  .200       1.00      68.05   4.4193E+01     933.585     4.3084E+05            19.588      2.353     9.620     8.360      .000
0            ---------INCREMENTS DUE TO DEFLECTION---------              ---DERIVATIVES (PER DEGREE)---
0     DELTA     D(CL)     D(CM)    D(CL MAX)    D(CD MIN)                (CLA)D     (CH)A       (CH)D


      -20.0     -.149     3.1074      .678       .05697                  NDM      -5.729E-03  -1.331E-02
      -10.0     -.097     2.0361      .392       .01911                  NDM                  -1.228E-02
       -5.0     -.049     1.0181      .202       .00955                  NDM                  -1.228E-02
         .0      .000     -.0020      .000       .00002                  NDM                  -1.228E-02
        7.5      .073    -1.5271      .297       .01433                  NDM                  -1.228E-02
       15.0      .139    -2.9210      .547       .03787                  NDM                  -1.247E-02
       20.0      .149    -3.1779      .678       .05697                  NDM                  -1.331E-02
0  *** NOTE * HINGE MOMENT DERIVATIVES ARE BASED ON TWICE THE AREA-MOMENT OF THE CONTROL ABOUT ITS HINGE LINE

0            --------- INDUCED DRAG COEFFICIENT INCREMENT , D(CDI) , DUE TO DEFLECTION ---------
0       DELTA = -20.0     -10.0      -5.0        .0       7.5      15.0      20.0
   ALPHA
0
   -16.0        1.14E-01  6.37E-02  2.69E-02 -4.39E-05 -2.19E-02 -2.25E-02 -2.10E-02
   -12.0        9.46E-02  5.10E-02  2.06E-02 -3.13E-05 -1.24E-02 -4.27E-03 -1.52E-03
    -8.0        7.55E-02  3.86E-02  1.44E-02 -1.88E-05 -3.05E-03  1.36E-02  1.76E-02
    -4.0        5.65E-02  2.62E-02  8.19E-03 -6.50E-06  6.20E-03  3.13E-02  3.65E-02
    -2.0        4.75E-02  2.04E-02  5.25E-03 -6.23E-07  1.06E-02  3.97E-02  4.55E-02
      .0        3.88E-02  1.47E-02  2.41E-03  5.06E-06  1.49E-02  4.79E-02  5.43E-02
     2.0        3.00E-02  8.93E-03 -4.65E-04  1.08E-05  1.92E-02  5.61E-02  6.31E-02
     4.0        2.10E-02  3.06E-03 -3.40E-03  1.67E-05  2.36E-02  6.46E-02  7.21E-02
     6.0        1.16E-02 -3.04E-03 -6.45E-03  2.28E-05  2.82E-02  7.33E-02  8.15E-02
     8.0        1.98E-03 -9.29E-03 -9.57E-03  2.90E-05  3.28E-02  8.23E-02  9.11E-02
0***NDM PRINTED WHEN NO DATCOM METHODS EXIST
 WARNING*** BODY ALONE DYNAMIC DERIVATIVE METHOD VALID FOR NOSE CYLINDER ONLY
            TAIL EFFECTS IGNORED]
1                               AUTOMATED STABILITY AND CONTROL METHODS PER APRIL 1976 VERSION OF DATCOM
                                         CHARACTERISTICS AT ANGLE OF ATTACK AND IN SIDESLIP
                                        WING-BODY-VERTICAL TAIL-HORIZONTAL TAIL CONFIGURATION
                                                          TOTAL AIRCRAFT
 
 -----------------------  FLIGHT CONDITIONS  ------------------------           --------------  REFERENCE DIMENSIONS  ------------
  MACH    ALTITUDE   VELOCITY    PRESSURE    TEMPERATURE     REYNOLDS             REF.      REFERENCE LENGTH   MOMENT REF. CENTER
 NUMBER                                                       NUMBER              AREA       LONG.     LAT.     HORIZ      VERT
              M        M/SEC      N/ M**2       DEG K         1/ M                M**2         M         M         M         M
0  .250       1.00      85.06   1.0131E+05     288.143     5.7969E+06            19.588      2.353     9.620     8.360      .000
0                                                               -------------------DERIVATIVE (PER DEGREE)-------------------
0 ALPHA     CD       CL       CM       CN       CA       XCP        CLA          CMA          CYB          CNB          CLB
0
  -16.0     .396   -6.031    -.0886  -5.907   -1.282     .015    5.003E-01    4.033E-01   -6.513E-02    1.897E-02   -3.772E-02
  -12.0     .226   -3.946     .5916  -3.907    -.600    -.151    5.195E-01    1.350E-01                             -3.726E-02
   -8.0     .121   -1.876     .9914  -1.874    -.141    -.529    5.106E-01    6.370E-02                             -3.699E-02
   -4.0     .081     .138    1.1012    .132     .090    8.317    5.117E-01    1.597E-02                             -3.685E-02
   -2.0     .085    1.170    1.1217   1.166     .126     .962    5.239E-01    4.300E-03                             -3.679E-02
     .0     .109    2.234    1.1184   2.234     .109     .501    5.400E-01   -1.073E-02                             -3.674E-02
    2.0     .153    3.330    1.0787   3.333     .037     .324    5.563E-01   -3.012E-02                             -3.670E-02
    4.0     .219    4.459     .9979   4.464    -.093     .224    5.713E-01   -5.406E-02                             -3.667E-02
    6.0     .308    5.615     .8625   5.617    -.281     .154    5.322E-01   -9.902E-02                             -3.663E-02
    8.0     .400    6.588     .6018   6.579    -.521     .091    4.405E-01   -1.616E-01                             -3.642E-02
0                                    ALPHA     Q/QINF    EPSLON  D(EPSLON)/D(ALPHA)
0
                                    -16.0      1.000     -4.662         .438
                                    -12.0      1.000     -2.910         .445
                                     -8.0      1.000     -1.103         .455
                                     -4.0      1.000       .727         .474
                                     -2.0      1.000      1.692         .490
                                       .0      1.000      2.688         .494
                                      2.0      1.000      3.669         .485
                                      4.0      1.000      4.628         .466
                                      6.0      1.000      5.532         .434
                                      8.0      1.000      6.364         .416
1                               AUTOMATED STABILITY AND CONTROL METHODS PER APRIL 1976 VERSION OF DATCOM
                                                         DYNAMIC DERIVATIVES
                                        WING-BODY-VERTICAL TAIL-HORIZONTAL TAIL CONFIGURATION
                                                          TOTAL AIRCRAFT
 
 -----------------------  FLIGHT CONDITIONS  ------------------------           --------------  REFERENCE DIMENSIONS  ------------
  MACH    ALTITUDE   VELOCITY    PRESSURE    TEMPERATURE     REYNOLDS             REF.      REFERENCE LENGTH   MOMENT REF. CENTER
 NUMBER                                                       NUMBER              AREA       LONG.     LAT.     HORIZ      VERT
              M        M/SEC      N/ M**2       DEG K         1/ M                M**2         M         M         M         M
0  .250       1.00      85.06   1.0131E+05     288.143     5.7969E+06            19.588      2.353     9.620     8.360      .000
                                                    DYNAMIC DERIVATIVES (PER DEGREE)
0           -------PITCHING-------    -----ACCELERATION------    --------------ROLLING--------------    --------YAWING--------
0   ALPHA       CLQ          CMQ           CLAD         CMAD         CLP          CYP          CNP          CNR          CLR
0
   -16.00    1.912E-01   -5.405E-01     5.089E-02   -1.864E-01   -4.713E-01   -1.356E-02    7.869E-02   -6.078E-02    1.603E-02
   -12.00                               5.170E-02   -1.894E-01   -4.571E-01   -1.760E-02    5.073E-02   -6.002E-02    2.092E-02
    -8.00                               5.283E-02   -1.936E-01   -4.390E-01   -2.123E-02    2.273E-02   -6.157E-02    2.501E-02
    -4.00                               5.508E-02   -2.018E-01   -4.372E-01   -2.429E-02   -4.739E-03   -6.515E-02    2.820E-02
    -2.00                               5.696E-02   -2.087E-01   -4.494E-01   -2.591E-02   -1.897E-02   -6.764E-02    2.973E-02
      .00                               5.746E-02   -2.105E-01   -4.623E-01   -2.762E-02   -3.353E-02   -7.067E-02    3.126E-02
     2.00                               5.636E-02   -2.065E-01   -4.715E-01   -2.941E-02   -4.844E-02   -7.427E-02    3.278E-02
     4.00                               5.410E-02   -1.982E-01   -4.770E-01   -3.125E-02   -6.365E-02   -7.846E-02    3.426E-02
     6.00                               5.044E-02   -1.848E-01   -4.257E-01   -3.332E-02   -8.148E-02   -8.323E-02    3.569E-02
     8.00                               4.837E-02   -1.772E-01   -3.194E-01   -3.438E-02   -9.755E-02   -8.751E-02    3.619E-02
0*** VEHICLE WEIGHT =  98933.41 N. 
0*** LEVEL FLIGHT LIFT COEFFICIENT = 5.06870
1                            AUTOMATED STABILITY AND CONTROL METHODS PER APRIL 1976 VERSION OF DATCOM
                                         CHARACTERISTICS OF HIGH LIFT AND CONTROL DEVICES
                                            TAIL PLAIN TRAILING-EDGE FLAP CONFIGURATION
                                                          TOTAL AIRCRAFT
 -----------------------  FLIGHT CONDITIONS  ------------------------           --------------  REFERENCE DIMENSIONS  ------------
  MACH    ALTITUDE   VELOCITY    PRESSURE    TEMPERATURE     REYNOLDS             REF.      REFERENCE LENGTH   MOMENT REF. CENTER
 NUMBER                                                       NUMBER              AREA       LONG.     LAT.     HORIZ      VERT
              M        M/SEC      N/ M**2       DEG K         1/ M                M**2         M         M         M         M
0  .250       1.00      85.06   4.4193E+01     933.585     5.3855E+05            19.588      2.353     9.620     8.360      .000
0            ---------INCREMENTS DUE TO DEFLECTION---------              ---DERIVATIVES (PER DEGREE)---
0     DELTA     D(CL)     D(CM)    D(CL MAX)    D(CD MIN)                (CLA)D     (CH)A       (CH)D


      -20.0     -.147     3.1010      .678       .05697                  NDM      -5.806E-03  -1.348E-02
      -10.0     -.096     2.0320      .392       .01911                  NDM                  -1.244E-02
       -5.0     -.048     1.0160      .202       .00955                  NDM                  -1.244E-02
         .0      .000     -.0020      .000       .00002                  NDM                  -1.244E-02
        7.5      .072    -1.5240      .297       .01433                  NDM                  -1.244E-02
       15.0      .138    -2.9151      .547       .03787                  NDM                  -1.263E-02
       20.0      .147    -3.1717      .678       .05697                  NDM                  -1.348E-02
0  *** NOTE * HINGE MOMENT DERIVATIVES ARE BASED ON TWICE THE AREA-MOMENT OF THE CONTROL ABOUT ITS HINGE LINE

0            --------- INDUCED DRAG COEFFICIENT INCREMENT , D(CDI) , DUE TO DEFLECTION ---------
0       DELTA = -20.0     -10.0      -5.0        .0       7.5      15.0      20.0
   ALPHA
0
   -16.0        1.15E-01  6.40E-02  2.71E-02 -4.43E-05 -2.22E-02 -2.30E-02 -2.16E-02
   -12.0        9.49E-02  5.12E-02  2.07E-02 -3.15E-05 -1.25E-02 -4.60E-03 -1.88E-03
    -8.0        7.56E-02  3.87E-02  1.44E-02 -1.89E-05 -3.14E-03  1.34E-02  1.74E-02
    -4.0        5.66E-02  2.63E-02  8.20E-03 -6.54E-06  6.16E-03  3.12E-02  3.64E-02
    -2.0        4.75E-02  2.03E-02  5.25E-03 -6.24E-07  1.06E-02  3.97E-02  4.55E-02
      .0        3.87E-02  1.46E-02  2.38E-03  5.11E-06  1.49E-02  4.79E-02  5.43E-02
     2.0        2.97E-02  8.79E-03 -5.31E-04  1.09E-05  1.93E-02  5.63E-02  6.33E-02
     4.0        2.06E-02  2.84E-03 -3.51E-03  1.69E-05  2.37E-02  6.48E-02  7.24E-02
     6.0        1.10E-02 -3.43E-03 -6.64E-03  2.31E-05  2.84E-02  7.38E-02  8.20E-02
     8.0        7.17E-04 -1.01E-02 -9.97E-03  2.98E-05  3.34E-02  8.34E-02  9.23E-02
0***NDM PRINTED WHEN NO DATCOM METHODS EXIST
 WARNING*** BODY ALONE DYNAMIC DERIVATIVE METHOD VALID FOR NOSE CYLINDER ONLY
            TAIL EFFECTS IGNORED]
1                               AUTOMATED STABILITY AND CONTROL METHODS PER APRIL 1976 VERSION OF DATCOM
                                         CHARACTERISTICS AT ANGLE OF ATTACK AND IN SIDESLIP
                                        WING-BODY-VERTICAL TAIL-HORIZONTAL TAIL CONFIGURATION
                                                          TOTAL AIRCRAFT
 
 -----------------------  FLIGHT CONDITIONS  ------------------------           --------------  REFERENCE DIMENSIONS  ------------
  MACH    ALTITUDE   VELOCITY    PRESSURE    TEMPERATURE     REYNOLDS             REF.      REFERENCE LENGTH   MOMENT REF. CENTER
 NUMBER                                                       NUMBER              AREA       LONG.     LAT.     HORIZ      VERT
              M        M/SEC      N/ M**2       DEG K         1/ M                M**2         M         M         M         M
0  .300       1.00     102.08   1.0131E+05     288.143     6.9562E+06            19.588      2.353     9.620     8.360      .000
0                                                               -------------------DERIVATIVE (PER DEGREE)-------------------
0 ALPHA     CD       CL       CM       CN       CA       XCP        CLA          CMA          CYB          CNB          CLB
0
  -16.0     .392   -5.989    -.0515  -5.865   -1.274     .009    4.886E-01    3.963E-01   -6.532E-02    1.875E-02   -3.789E-02
  -12.0     .225   -3.939     .6082  -3.900    -.599    -.156    5.134E-01    1.312E-01                             -3.738E-02
   -8.0     .121   -1.881     .9983  -1.880    -.142    -.531    5.097E-01    6.234E-02                             -3.709E-02
   -4.0     .080     .139    1.1069    .133     .090    8.336    5.122E-01    1.470E-02                             -3.694E-02
   -2.0     .085    1.170    1.1238   1.167     .126     .963    5.224E-01    1.810E-03                             -3.688E-02
     .0     .109    2.228    1.1141   2.228     .109     .500    5.358E-01   -1.482E-02                             -3.682E-02
    2.0     .152    3.313    1.0646   3.317     .036     .321    5.497E-01   -3.657E-02                             -3.677E-02
    4.0     .216    4.427     .9679   4.431    -.093     .218    5.439E-01   -7.047E-02                             -3.672E-02
    6.0     .296    5.489     .7827   5.490    -.279     .143    4.860E-01   -1.229E-01                             -3.660E-02
    8.0     .379    6.371     .4765   6.362    -.512     .075    3.962E-01   -1.834E-01                             -3.631E-02
0                                    ALPHA     Q/QINF    EPSLON  D(EPSLON)/D(ALPHA)
0
                                    -16.0      1.000     -4.637         .433
                                    -12.0      1.000     -2.904         .442
                                     -8.0      1.000     -1.104         .454
                                     -4.0      1.000       .729         .474
                                     -2.0      1.000      1.692         .489
                                       .0      1.000      2.684         .491
                                      2.0      1.000      3.658         .478
                                      4.0      1.000      4.596         .449
                                      6.0      1.000      5.455         .410
                                      8.0      1.000      6.236         .391
1                               AUTOMATED STABILITY AND CONTROL METHODS PER APRIL 1976 VERSION OF DATCOM
                                                         DYNAMIC DERIVATIVES
                                        WING-BODY-VERTICAL TAIL-HORIZONTAL TAIL CONFIGURATION
                                                          TOTAL AIRCRAFT
 
 -----------------------  FLIGHT CONDITIONS  ------------------------           --------------  REFERENCE DIMENSIONS  ------------
  MACH    ALTITUDE   VELOCITY    PRESSURE    TEMPERATURE     REYNOLDS             REF.      REFERENCE LENGTH   MOMENT REF. CENTER
 NUMBER                                                       NUMBER              AREA       LONG.     LAT.     HORIZ      VERT
              M        M/SEC      N/ M**2       DEG K         1/ M                M**2         M         M         M         M
0  .300       1.00     102.08   1.0131E+05     288.143     6.9562E+06            19.588      2.353     9.620     8.360      .000
                                                    DYNAMIC DERIVATIVES (PER DEGREE)
0           -------PITCHING-------    -----ACCELERATION------    --------------ROLLING--------------    --------YAWING--------
0   ALPHA       CLQ          CMQ           CLAD         CMAD         CLP          CYP          CNP          CNR          CLR
0
   -16.00    1.893E-01   -5.288E-01     4.880E-02   -1.788E-01   -4.606E-01   -1.398E-02    7.821E-02   -6.078E-02    1.612E-02
   -12.00                               4.974E-02   -1.822E-01   -4.517E-01   -1.782E-02    5.063E-02   -6.019E-02    2.095E-02
    -8.00                               5.115E-02   -1.874E-01   -4.386E-01   -2.136E-02    2.276E-02   -6.178E-02    2.506E-02
    -4.00                               5.335E-02   -1.954E-01   -4.377E-01   -2.441E-02   -4.725E-03   -6.538E-02    2.835E-02
    -2.00                               5.505E-02   -2.017E-01   -4.478E-01   -2.600E-02   -1.892E-02   -6.788E-02    2.991E-02
      .00                               5.535E-02   -2.028E-01   -4.579E-01   -2.767E-02   -3.341E-02   -7.089E-02    3.145E-02
     2.00                               5.383E-02   -1.972E-01   -4.644E-01   -2.939E-02   -4.821E-02   -7.446E-02    3.296E-02
     4.00                               5.061E-02   -1.854E-01   -4.475E-01   -3.120E-02   -6.400E-02   -7.858E-02    3.440E-02
     6.00                               4.619E-02   -1.692E-01   -3.781E-01   -3.284E-02   -8.107E-02   -8.290E-02    3.546E-02
     8.00                               4.401E-02   -1.612E-01   -2.779E-01   -3.347E-02   -9.568E-02   -8.669E-02    3.564E-02
0*** VEHICLE WEIGHT = 440077.84 N. 
0*** LEVEL FLIGHT LIFT COEFFICIENT =15.65742
1                            AUTOMATED STABILITY AND CONTROL METHODS PER APRIL 1976 VERSION OF DATCOM
                                         CHARACTERISTICS OF HIGH LIFT AND CONTROL DEVICES
                                            TAIL PLAIN TRAILING-EDGE FLAP CONFIGURATION
                                                          TOTAL AIRCRAFT
 -----------------------  FLIGHT CONDITIONS  ------------------------           --------------  REFERENCE DIMENSIONS  ------------
  MACH    ALTITUDE   VELOCITY    PRESSURE    TEMPERATURE     REYNOLDS             REF.      REFERENCE LENGTH   MOMENT REF. CENTER
 NUMBER                                                       NUMBER              AREA       LONG.     LAT.     HORIZ      VERT
              M        M/SEC      N/ M**2       DEG K         1/ M                M**2         M         M         M         M
0  .300       1.00     102.08   4.4193E+01     933.585     6.4626E+05            19.588      2.353     9.620     8.360      .000
0            ---------INCREMENTS DUE TO DEFLECTION---------              ---DERIVATIVES (PER DEGREE)---
0     DELTA     D(CL)     D(CM)    D(CL MAX)    D(CD MIN)                (CLA)D     (CH)A       (CH)D


      -20.0     -.142     3.0485      .678       .05696                  NDM      -5.905E-03  -1.371E-02
      -10.0     -.092     1.9981      .392       .01911                  NDM                  -1.266E-02
       -5.0     -.046      .9990      .202       .00955                  NDM                  -1.266E-02
         .0      .000     -.0020      .000       .00002                  NDM                  -1.266E-02
        7.5      .069    -1.4985      .297       .01433                  NDM                  -1.266E-02
       15.0      .132    -2.8664      .547       .03787                  NDM                  -1.285E-02
       20.0      .142    -3.1195      .678       .05696                  NDM                  -1.371E-02
0  *** NOTE * HINGE MOMENT DERIVATIVES ARE BASED ON TWICE THE AREA-MOMENT OF THE CONTROL ABOUT ITS HINGE LINE

0            --------- INDUCED DRAG COEFFICIENT INCREMENT , D(CDI) , DUE TO DEFLECTION ---------
0       DELTA = -20.0     -10.0      -5.0        .0       7.5      15.0      20.0
   ALPHA
0
   -16.0        1.15E-01  6.43E-02  2.72E-02 -4.47E-05 -2.25E-02 -2.38E-02 -2.24E-02
   -12.0        9.49E-02  5.13E-02  2.07E-02 -3.17E-05 -1.27E-02 -5.08E-03 -2.41E-03
    -8.0        7.55E-02  3.86E-02  1.44E-02 -1.90E-05 -3.26E-03  1.31E-02  1.70E-02
    -4.0        5.64E-02  2.62E-02  8.20E-03 -6.58E-06  6.07E-03  3.09E-02  3.61E-02
    -2.0        4.73E-02  2.02E-02  5.22E-03 -6.28E-07  1.05E-02  3.95E-02  4.53E-02
      .0        3.84E-02  1.45E-02  2.33E-03  5.16E-06  1.49E-02  4.78E-02  5.41E-02
     2.0        2.93E-02  8.57E-03 -6.16E-04  1.11E-05  1.93E-02  5.62E-02  6.32E-02
     4.0        1.99E-02  2.47E-03 -3.66E-03  1.71E-05  2.39E-02  6.50E-02  7.26E-02
     6.0        9.88E-03 -4.08E-03 -6.94E-03  2.37E-05  2.88E-02  7.44E-02  8.26E-02
     8.0       -8.72E-04 -1.11E-02 -1.04E-02  3.07E-05  3.40E-02  8.44E-02  9.34E-02
0***NDM PRINTED WHEN NO DATCOM METHODS EXIST
 WARNING*** BODY ALONE DYNAMIC DERIVATIVE METHOD VALID FOR NOSE CYLINDER ONLY
            TAIL EFFECTS IGNORED]
1                               AUTOMATED STABILITY AND CONTROL METHODS PER APRIL 1976 VERSION OF DATCOM
                                         CHARACTERISTICS AT ANGLE OF ATTACK AND IN SIDESLIP
                                        WING-BODY-VERTICAL TAIL-HORIZONTAL TAIL CONFIGURATION
                                                          TOTAL AIRCRAFT
 
 -----------------------  FLIGHT CONDITIONS  ------------------------           --------------  REFERENCE DIMENSIONS  ------------
  MACH    ALTITUDE   VELOCITY    PRESSURE    TEMPERATURE     REYNOLDS             REF.      REFERENCE LENGTH   MOMENT REF. CENTER
 NUMBER                                                       NUMBER              AREA       LONG.     LAT.     HORIZ      VERT
              M        M/SEC      N/ M**2       DEG K         1/ M                M**2         M         M         M         M
0  .350       1.00     119.09   1.0131E+05     288.143     8.1156E+06            19.588      2.353     9.620     8.360      .000
0                                                               -------------------DERIVATIVE (PER DEGREE)-------------------
0 ALPHA     CD       CL       CM       CN       CA       XCP        CLA          CMA          CYB          CNB          CLB
0
  -16.0     .386   -5.897     .0108  -5.774   -1.255    -.002    4.572E-01    3.787E-01   -6.554E-02    1.863E-02   -3.813E-02
  -12.0     .225   -3.931     .6215  -3.892    -.597    -.160    5.009E-01    1.239E-01                             -3.753E-02
   -8.0     .121   -1.889    1.0020  -1.888    -.143    -.531    5.088E-01    6.110E-02                             -3.721E-02
   -4.0     .080     .140    1.1103    .134     .090    8.305    5.132E-01    1.355E-02                             -3.706E-02
   -2.0     .085    1.172    1.1239   1.168     .126     .962    5.213E-01   -6.976E-04                             -3.699E-02
     .0     .108    2.225    1.1075   2.225     .108     .498    5.317E-01   -1.912E-02                             -3.693E-02
    2.0     .151    3.299    1.0474   3.302     .035     .317    5.429E-01   -4.360E-02                             -3.686E-02
    4.0     .213    4.396     .9331   4.401    -.094     .212    5.127E-01   -8.905E-02                             -3.679E-02
    6.0     .284    5.350     .6912   5.350    -.277     .129    4.366E-01   -1.482E-01                             -3.658E-02
    8.0     .357    6.143     .3403   6.133    -.501     .055    3.567E-01   -2.027E-01                             -3.620E-02
0                                    ALPHA     Q/QINF    EPSLON  D(EPSLON)/D(ALPHA)
0
                                    -16.0      1.000     -4.585         .421
                                    -12.0      1.000     -2.899         .435
                                     -8.0      1.000     -1.105         .454
                                     -4.0      1.000       .732         .474
                                     -2.0      1.000      1.693         .488
                                       .0      1.000      2.682         .488
                                      2.0      1.000      3.647         .470
                                      4.0      1.000      4.563         .431
                                      6.0      1.000      5.372         .385
                                      8.0      1.000      6.102         .365
1                               AUTOMATED STABILITY AND CONTROL METHODS PER APRIL 1976 VERSION OF DATCOM
                                                         DYNAMIC DERIVATIVES
                                        WING-BODY-VERTICAL TAIL-HORIZONTAL TAIL CONFIGURATION
                                                          TOTAL AIRCRAFT
 
 -----------------------  FLIGHT CONDITIONS  ------------------------           --------------  REFERENCE DIMENSIONS  ------------
  MACH    ALTITUDE   VELOCITY    PRESSURE    TEMPERATURE     REYNOLDS             REF.      REFERENCE LENGTH   MOMENT REF. CENTER
 NUMBER                                                       NUMBER              AREA       LONG.     LAT.     HORIZ      VERT
              M        M/SEC      N/ M**2       DEG K         1/ M                M**2         M         M         M         M
0  .350       1.00     119.09   1.0131E+05     288.143     8.1156E+06            19.588      2.353     9.620     8.360      .000
                                                    DYNAMIC DERIVATIVES (PER DEGREE)
0           -------PITCHING-------    -----ACCELERATION------    --------------ROLLING--------------    --------YAWING--------
0   ALPHA       CLQ          CMQ           CLAD         CMAD         CLP          CYP          CNP          CNR          CLR
0
   -16.00    1.815E-01   -4.943E-01     4.329E-02   -1.586E-01   -4.308E-01   -1.461E-02    7.752E-02   -6.067E-02    1.638E-02
   -12.00                               4.468E-02   -1.637E-01   -4.398E-01   -1.805E-02    5.069E-02   -6.041E-02    2.097E-02
    -8.00                               4.663E-02   -1.708E-01   -4.380E-01   -2.150E-02    2.281E-02   -6.206E-02    2.513E-02
    -4.00                               4.864E-02   -1.782E-01   -4.382E-01   -2.454E-02   -4.709E-03   -6.567E-02    2.853E-02
    -2.00                               5.009E-02   -1.835E-01   -4.459E-01   -2.611E-02   -1.887E-02   -6.818E-02    3.014E-02
      .00                               5.018E-02   -1.838E-01   -4.530E-01   -2.772E-02   -3.329E-02   -7.119E-02    3.170E-02
     2.00                               4.830E-02   -1.769E-01   -4.566E-01   -2.936E-02   -4.797E-02   -7.473E-02    3.320E-02
     4.00                               4.430E-02   -1.623E-01   -4.133E-01   -3.115E-02   -6.440E-02   -7.878E-02    3.462E-02
     6.00                               3.953E-02   -1.448E-01   -3.269E-01   -3.228E-02   -8.036E-02   -8.260E-02    3.523E-02
     8.00                               3.751E-02   -1.374E-01   -2.424E-01   -3.246E-02   -9.327E-02   -8.592E-02    3.509E-02
0*** VEHICLE WEIGHT = ********* N. 
0*** LEVEL FLIGHT LIFT COEFFICIENT =51.16973
1                            AUTOMATED STABILITY AND CONTROL METHODS PER APRIL 1976 VERSION OF DATCOM
                                         CHARACTERISTICS OF HIGH LIFT AND CONTROL DEVICES
                                            TAIL PLAIN TRAILING-EDGE FLAP CONFIGURATION
                                                          TOTAL AIRCRAFT
 -----------------------  FLIGHT CONDITIONS  ------------------------           --------------  REFERENCE DIMENSIONS  ------------
  MACH    ALTITUDE   VELOCITY    PRESSURE    TEMPERATURE     REYNOLDS             REF.      REFERENCE LENGTH   MOMENT REF. CENTER
 NUMBER                                                       NUMBER              AREA       LONG.     LAT.     HORIZ      VERT
              M        M/SEC      N/ M**2       DEG K         1/ M                M**2         M         M         M         M
0  .350       1.00     119.09   4.4193E+01     933.585     7.5397E+05            19.588      2.353     9.620     8.360      .000
0            ---------INCREMENTS DUE TO DEFLECTION---------              ---DERIVATIVES (PER DEGREE)---
0     DELTA     D(CL)     D(CM)    D(CL MAX)    D(CD MIN)                (CLA)D     (CH)A       (CH)D


      -20.0     -.128     2.9791      .678       .05695                  NDM      -6.026E-03  -1.400E-02
      -10.0     -.083     1.9530      .392       .01910                  NDM                  -1.295E-02
       -5.0     -.041      .9765      .202       .00955                  NDM                  -1.295E-02
         .0      .000     -.0020      .000       .00002                  NDM                  -1.295E-02
        7.5      .062    -1.4648      .297       .01432                  NDM                  -1.295E-02
       15.0      .119    -2.8017      .547       .03786                  NDM                  -1.314E-02
       20.0      .128    -3.0504      .678       .05695                  NDM                  -1.400E-02
0  *** NOTE * HINGE MOMENT DERIVATIVES ARE BASED ON TWICE THE AREA-MOMENT OF THE CONTROL ABOUT ITS HINGE LINE

0            --------- INDUCED DRAG COEFFICIENT INCREMENT , D(CDI) , DUE TO DEFLECTION ---------
0       DELTA = -20.0     -10.0      -5.0        .0       7.5      15.0      20.0
   ALPHA
0
   -16.0        1.15E-01  6.46E-02  2.74E-02 -4.52E-05 -2.30E-02 -2.49E-02 -2.36E-02
   -12.0        9.48E-02  5.13E-02  2.08E-02 -3.18E-05 -1.30E-02 -5.69E-03 -3.09E-03
    -8.0        7.52E-02  3.85E-02  1.44E-02 -1.91E-05 -3.42E-03  1.26E-02  1.65E-02
    -4.0        5.61E-02  2.61E-02  8.18E-03 -6.63E-06  5.94E-03  3.05E-02  3.56E-02
    -2.0        4.68E-02  2.01E-02  5.18E-03 -6.38E-07  1.04E-02  3.91E-02  4.48E-02
      .0        3.79E-02  1.42E-02  2.27E-03  5.19E-06  1.48E-02  4.75E-02  5.38E-02
     2.0        2.87E-02  8.28E-03 -7.16E-04  1.12E-05  1.93E-02  5.60E-02  6.30E-02
     4.0        1.91E-02  2.02E-03 -3.84E-03  1.74E-05  2.40E-02  6.50E-02  7.26E-02
     6.0        8.56E-03 -4.84E-03 -7.28E-03  2.43E-05  2.91E-02  7.49E-02  8.31E-02
     8.0       -2.69E-03 -1.22E-02 -1.09E-02  3.16E-05  3.46E-02  8.54E-02  9.44E-02
0***NDM PRINTED WHEN NO DATCOM METHODS EXIST
 WARNING*** BODY ALONE DYNAMIC DERIVATIVE METHOD VALID FOR NOSE CYLINDER ONLY
            TAIL EFFECTS IGNORED]
1                               AUTOMATED STABILITY AND CONTROL METHODS PER APRIL 1976 VERSION OF DATCOM
                                         CHARACTERISTICS AT ANGLE OF ATTACK AND IN SIDESLIP
                                        WING-BODY-VERTICAL TAIL-HORIZONTAL TAIL CONFIGURATION
                                                          TOTAL AIRCRAFT
 
 -----------------------  FLIGHT CONDITIONS  ------------------------           --------------  REFERENCE DIMENSIONS  ------------
  MACH    ALTITUDE   VELOCITY    PRESSURE    TEMPERATURE     REYNOLDS             REF.      REFERENCE LENGTH   MOMENT REF. CENTER
 NUMBER                                                       NUMBER              AREA       LONG.     LAT.     HORIZ      VERT
              M        M/SEC      N/ M**2       DEG K         1/ M                M**2         M         M         M         M
0  .100    3000.00      32.85   7.0121E+04     268.659     1.7558E+06            19.588      2.353     9.620     8.360      .000
0                                                               -------------------DERIVATIVE (PER DEGREE)-------------------
0 ALPHA     CD       CL       CM       CN       CA       XCP        CLA          CMA          CYB          CNB          CLB
0
  -16.0     .414   -6.039    -.1163  -5.919   -1.266     .020    5.085E-01    4.090E-01   -6.480E-02    2.111E-02   -3.749E-02
  -12.0     .242   -3.932     .5775  -3.897    -.580    -.148    5.224E-01    1.374E-01                             -3.706E-02
   -8.0     .138   -1.860     .9833  -1.861    -.122    -.528    5.086E-01    6.439E-02                             -3.682E-02
   -4.0     .098     .137    1.0925    .130     .108    8.420    5.084E-01    1.681E-02                             -3.668E-02
   -2.0     .103    1.163    1.1157   1.159     .144     .963    5.223E-01    6.404E-03                             -3.662E-02
     .0     .127    2.226    1.1182   2.226     .127     .502    5.409E-01   -6.993E-03                             -3.657E-02
    2.0     .171    3.327    1.0877   3.331     .055     .327    5.598E-01   -2.481E-02                             -3.654E-02
    4.0     .238    4.466    1.0189   4.471    -.074     .228    5.770E-01   -4.636E-02                             -3.652E-02
    6.0     .328    5.635     .9023   5.638    -.263     .160    5.698E-01   -7.566E-02                             -3.651E-02
    8.0     .435    6.745     .7163   6.740    -.508     .106    5.401E-01   -1.103E-01                             -3.642E-02
0                                    ALPHA     Q/QINF    EPSLON  D(EPSLON)/D(ALPHA)
0
                                    -16.0      1.000     -4.670         .441
                                    -12.0      1.000     -2.906         .447
                                     -8.0      1.000     -1.098         .454
                                     -4.0      1.000       .723         .473
                                     -2.0      1.000      1.686         .490
                                       .0      1.000      2.682         .496
                                      2.0      1.000      3.668         .488
                                      4.0      1.000      4.633         .473
                                      6.0      1.000      5.559         .457
                                      8.0      1.000      6.461         .451
1                               AUTOMATED STABILITY AND CONTROL METHODS PER APRIL 1976 VERSION OF DATCOM
                                                         DYNAMIC DERIVATIVES
                                        WING-BODY-VERTICAL TAIL-HORIZONTAL TAIL CONFIGURATION
                                                          TOTAL AIRCRAFT
 
 -----------------------  FLIGHT CONDITIONS  ------------------------           --------------  REFERENCE DIMENSIONS  ------------
  MACH    ALTITUDE   VELOCITY    PRESSURE    TEMPERATURE     REYNOLDS             REF.      REFERENCE LENGTH   MOMENT REF. CENTER
 NUMBER                                                       NUMBER              AREA       LONG.     LAT.     HORIZ      VERT
              M        M/SEC      N/ M**2       DEG K         1/ M                M**2         M         M         M         M
0  .100    3000.00      32.85   7.0121E+04     268.659     1.7558E+06            19.588      2.353     9.620     8.360      .000
                                                    DYNAMIC DERIVATIVES (PER DEGREE)
0           -------PITCHING-------    -----ACCELERATION------    --------------ROLLING--------------    --------YAWING--------
0   ALPHA       CLQ          CMQ           CLAD         CMAD         CLP          CYP          CNP          CNR          CLR
0
   -16.00    1.898E-01   -5.433E-01     5.194E-02   -1.903E-01   -4.764E-01   -1.298E-02    7.910E-02   -6.085E-02    1.612E-02
   -12.00                               5.259E-02   -1.927E-01   -4.573E-01   -1.719E-02    5.079E-02   -5.997E-02    2.095E-02
    -8.00                               5.343E-02   -1.957E-01   -4.346E-01   -2.090E-02    2.266E-02   -6.150E-02    2.491E-02
    -4.00                               5.568E-02   -2.040E-01   -4.320E-01   -2.397E-02   -4.766E-03   -6.505E-02    2.792E-02
    -2.00                               5.769E-02   -2.114E-01   -4.460E-01   -2.561E-02   -1.902E-02   -6.752E-02    2.937E-02
      .00                               5.837E-02   -2.138E-01   -4.614E-01   -2.737E-02   -3.365E-02   -7.053E-02    3.085E-02
     2.00                               5.746E-02   -2.105E-01   -4.732E-01   -2.922E-02   -4.865E-02   -7.414E-02    3.233E-02
     4.00                               5.568E-02   -2.040E-01   -4.811E-01   -3.114E-02   -6.400E-02   -7.836E-02    3.379E-02
     6.00                               5.383E-02   -1.972E-01   -4.647E-01   -3.319E-02   -8.060E-02   -8.321E-02    3.521E-02
     8.00                               5.315E-02   -1.947E-01   -4.258E-01   -3.486E-02   -9.671E-02   -8.824E-02    3.625E-02
0*** VEHICLE WEIGHT = ********* N. 
0*** LEVEL FLIGHT LIFT COEFFICIENT =********
1                            AUTOMATED STABILITY AND CONTROL METHODS PER APRIL 1976 VERSION OF DATCOM
                                         CHARACTERISTICS OF HIGH LIFT AND CONTROL DEVICES
                                            TAIL PLAIN TRAILING-EDGE FLAP CONFIGURATION
                                                          TOTAL AIRCRAFT
 -----------------------  FLIGHT CONDITIONS  ------------------------           --------------  REFERENCE DIMENSIONS  ------------
  MACH    ALTITUDE   VELOCITY    PRESSURE    TEMPERATURE     REYNOLDS             REF.      REFERENCE LENGTH   MOMENT REF. CENTER
 NUMBER                                                       NUMBER              AREA       LONG.     LAT.     HORIZ      VERT
              M        M/SEC      N/ M**2       DEG K         1/ M                M**2         M         M         M         M
0  .100    3000.00      32.85   3.0587E+01     870.455     1.6312E+05            19.588      2.353     9.620     8.360      .000
0            ---------INCREMENTS DUE TO DEFLECTION---------              ---DERIVATIVES (PER DEGREE)---
0     DELTA     D(CL)     D(CM)    D(CL MAX)    D(CD MIN)                (CLA)D     (CH)A       (CH)D


      -20.0     -.146     2.7952      .678       .05697                  NDM      -5.582E-03  -1.333E-02
      -10.0     -.095     1.8328      .392       .01911                  NDM                  -1.234E-02
       -5.0     -.048      .9164      .202       .00955                  NDM                  -1.234E-02
         .0      .000     -.0018      .000       .00002                  NDM                  -1.234E-02
        7.5      .071    -1.3746      .297       .01433                  NDM                  -1.234E-02
       15.0      .137    -2.6291      .547       .03787                  NDM                  -1.253E-02
       20.0      .146    -2.8656      .678       .05697                  NDM                  -1.333E-02
0  *** NOTE * HINGE MOMENT DERIVATIVES ARE BASED ON TWICE THE AREA-MOMENT OF THE CONTROL ABOUT ITS HINGE LINE

0            --------- INDUCED DRAG COEFFICIENT INCREMENT , D(CDI) , DUE TO DEFLECTION ---------
0       DELTA = -20.0     -10.0      -5.0        .0       7.5      15.0      20.0
   ALPHA
0
   -16.0        1.08E-01  6.05E-02  2.57E-02 -4.22E-05 -2.13E-02 -2.27E-02 -2.14E-02
   -12.0        8.95E-02  4.84E-02  1.96E-02 -3.00E-05 -1.22E-02 -5.22E-03 -2.75E-03
    -8.0        7.11E-02  3.65E-02  1.36E-02 -1.81E-05 -3.23E-03  1.19E-02  1.56E-02
    -4.0        5.29E-02  2.46E-02  7.70E-03 -6.21E-06  5.66E-03  2.89E-02  3.38E-02
    -2.0        4.42E-02  1.89E-02  4.88E-03 -5.62E-07  9.90E-03  3.70E-02  4.25E-02
      .0        3.59E-02  1.35E-02  2.15E-03  4.90E-06  1.40E-02  4.49E-02  5.09E-02
     2.0        2.74E-02  7.97E-03 -6.08E-04  1.04E-05  1.81E-02  5.28E-02  5.93E-02
     4.0        1.87E-02  2.34E-03 -3.42E-03  1.60E-05  2.24E-02  6.09E-02  6.80E-02
     6.0        9.75E-03 -3.51E-03 -6.35E-03  2.19E-05  2.67E-02  6.93E-02  7.70E-02
     8.0        5.70E-04 -9.48E-03 -9.33E-03  2.79E-05  3.12E-02  7.79E-02  8.61E-02
0***NDM PRINTED WHEN NO DATCOM METHODS EXIST
 WARNING*** BODY ALONE DYNAMIC DERIVATIVE METHOD VALID FOR NOSE CYLINDER ONLY
            TAIL EFFECTS IGNORED]
1                               AUTOMATED STABILITY AND CONTROL METHODS PER APRIL 1976 VERSION OF DATCOM
                                         CHARACTERISTICS AT ANGLE OF ATTACK AND IN SIDESLIP
                                        WING-BODY-VERTICAL TAIL-HORIZONTAL TAIL CONFIGURATION
                                                          TOTAL AIRCRAFT
 
 -----------------------  FLIGHT CONDITIONS  ------------------------           --------------  REFERENCE DIMENSIONS  ------------
  MACH    ALTITUDE   VELOCITY    PRESSURE    TEMPERATURE     REYNOLDS             REF.      REFERENCE LENGTH   MOMENT REF. CENTER
 NUMBER                                                       NUMBER              AREA       LONG.     LAT.     HORIZ      VERT
              M        M/SEC      N/ M**2       DEG K         1/ M                M**2         M         M         M         M
0  .200    3000.00      65.71   7.0121E+04     268.659     3.5116E+06            19.588      2.353     9.620     8.360      .000
0                                                               -------------------DERIVATIVE (PER DEGREE)-------------------
0 ALPHA     CD       CL       CM       CN       CA       XCP        CLA          CMA          CYB          CNB          CLB
0
  -16.0     .403   -6.069    -.1200  -5.945   -1.286     .020    5.104E-01    4.101E-01   -6.499E-02    1.986E-02   -3.759E-02
  -12.0     .230   -3.954     .5778  -3.916    -.597    -.148    5.248E-01    1.383E-01                             -3.716E-02
   -8.0     .125   -1.871     .9861  -1.870    -.137    -.527    5.116E-01    6.494E-02                             -3.692E-02
   -4.0     .085     .138    1.0973    .132     .094    8.304    5.115E-01    1.713E-02                             -3.677E-02
   -2.0     .089    1.171    1.1209   1.167     .130     .961    5.253E-01    6.484E-03                             -3.671E-02
     .0     .114    2.240    1.1232   2.240     .114     .502    5.438E-01   -7.216E-03                             -3.667E-02
    2.0     .158    3.346    1.0920   3.349     .041     .326    5.624E-01   -2.534E-02                             -3.664E-02
    4.0     .225    4.489    1.0219   4.494    -.089     .227    5.794E-01   -4.727E-02                             -3.663E-02
    6.0     .316    5.663     .9030   5.665    -.278     .159    5.697E-01   -7.791E-02                             -3.662E-02
    8.0     .423    6.768     .7102   6.761    -.523     .105    5.352E-01   -1.148E-01                             -3.652E-02
0                                    ALPHA     Q/QINF    EPSLON  D(EPSLON)/D(ALPHA)
0
                                    -16.0      1.000     -4.685         .442
                                    -12.0      1.000     -2.917         .448
                                     -8.0      1.000     -1.102         .455
                                     -4.0      1.000       .726         .474
                                     -2.0      1.000      1.692         .492
                                       .0      1.000      2.692         .497
                                      2.0      1.000      3.681         .489
                                      4.0      1.000      4.649         .474
                                      6.0      1.000      5.575         .457
                                      8.0      1.000      6.475         .450
1                               AUTOMATED STABILITY AND CONTROL METHODS PER APRIL 1976 VERSION OF DATCOM
                                                         DYNAMIC DERIVATIVES
                                        WING-BODY-VERTICAL TAIL-HORIZONTAL TAIL CONFIGURATION
                                                          TOTAL AIRCRAFT
 
 -----------------------  FLIGHT CONDITIONS  ------------------------           --------------  REFERENCE DIMENSIONS  ------------
  MACH    ALTITUDE   VELOCITY    PRESSURE    TEMPERATURE     REYNOLDS             REF.      REFERENCE LENGTH   MOMENT REF. CENTER
 NUMBER                                                       NUMBER              AREA       LONG.     LAT.     HORIZ      VERT
              M        M/SEC      N/ M**2       DEG K         1/ M                M**2         M         M         M         M
0  .200    3000.00      65.71   7.0121E+04     268.659     3.5116E+06            19.588      2.353     9.620     8.360      .000
                                                    DYNAMIC DERIVATIVES (PER DEGREE)
0           -------PITCHING-------    -----ACCELERATION------    --------------ROLLING--------------    --------YAWING--------
0   ALPHA       CLQ          CMQ           CLAD         CMAD         CLP          CYP          CNP          CNR          CLR
0
   -16.00    1.905E-01   -5.398E-01     5.166E-02   -1.892E-01   -4.793E-01   -1.317E-02    7.914E-02   -6.091E-02    1.594E-02
   -12.00                               5.233E-02   -1.917E-01   -4.606E-01   -1.737E-02    5.084E-02   -6.001E-02    2.088E-02
    -8.00                               5.319E-02   -1.949E-01   -4.383E-01   -2.108E-02    2.270E-02   -6.152E-02    2.496E-02
    -4.00                               5.544E-02   -2.031E-01   -4.358E-01   -2.415E-02   -4.754E-03   -6.509E-02    2.808E-02
    -2.00                               5.743E-02   -2.104E-01   -4.497E-01   -2.579E-02   -1.902E-02   -6.757E-02    2.959E-02
      .00                               5.809E-02   -2.128E-01   -4.649E-01   -2.755E-02   -3.365E-02   -7.061E-02    3.112E-02
     2.00                               5.716E-02   -2.094E-01   -4.764E-01   -2.940E-02   -4.865E-02   -7.424E-02    3.265E-02
     4.00                               5.535E-02   -2.028E-01   -4.842E-01   -3.132E-02   -6.399E-02   -7.850E-02    3.417E-02
     6.00                               5.336E-02   -1.955E-01   -4.650E-01   -3.337E-02   -8.071E-02   -8.338E-02    3.564E-02
     8.00                               5.258E-02   -1.926E-01   -4.208E-01   -3.499E-02   -9.684E-02   -8.840E-02    3.669E-02
0*** VEHICLE WEIGHT = ********* N. 
0*** LEVEL FLIGHT LIFT COEFFICIENT =********
1                            AUTOMATED STABILITY AND CONTROL METHODS PER APRIL 1976 VERSION OF DATCOM
                                         CHARACTERISTICS OF HIGH LIFT AND CONTROL DEVICES
                                            TAIL PLAIN TRAILING-EDGE FLAP CONFIGURATION
                                                          TOTAL AIRCRAFT
 -----------------------  FLIGHT CONDITIONS  ------------------------           --------------  REFERENCE DIMENSIONS  ------------
  MACH    ALTITUDE   VELOCITY    PRESSURE    TEMPERATURE     REYNOLDS             REF.      REFERENCE LENGTH   MOMENT REF. CENTER
 NUMBER                                                       NUMBER              AREA       LONG.     LAT.     HORIZ      VERT
              M        M/SEC      N/ M**2       DEG K         1/ M                M**2         M         M         M         M
0  .200    3000.00      65.71   3.0587E+01     870.455     3.2624E+05            19.588      2.353     9.620     8.360      .000
0            ---------INCREMENTS DUE TO DEFLECTION---------              ---DERIVATIVES (PER DEGREE)---
0     DELTA     D(CL)     D(CM)    D(CL MAX)    D(CD MIN)                (CLA)D     (CH)A       (CH)D


      -20.0     -.148     2.7208      .678       .05697                  NDM      -5.720E-03  -1.335E-02
      -10.0     -.097     1.7846      .392       .01911                  NDM                  -1.232E-02
       -5.0     -.048      .8923      .202       .00955                  NDM                  -1.232E-02
         .0      .000     -.0018      .000       .00002                  NDM                  -1.232E-02
        7.5      .072    -1.3384      .297       .01433                  NDM                  -1.232E-02
       15.0      .139    -2.5598      .547       .03787                  NDM                  -1.251E-02
       20.0      .148    -2.7915      .678       .05697                  NDM                  -1.335E-02
0  *** NOTE * HINGE MOMENT DERIVATIVES ARE BASED ON TWICE THE AREA-MOMENT OF THE CONTROL ABOUT ITS HINGE LINE

0            --------- INDUCED DRAG COEFFICIENT INCREMENT , D(CDI) , DUE TO DEFLECTION ---------
0       DELTA = -20.0     -10.0      -5.0        .0       7.5      15.0      20.0
   ALPHA
0
   -16.0        1.13E-01  6.31E-02  2.67E-02 -4.36E-05 -2.18E-02 -2.26E-02 -2.12E-02
   -12.0        9.36E-02  5.05E-02  2.04E-02 -3.10E-05 -1.24E-02 -4.50E-03 -1.81E-03
    -8.0        7.47E-02  3.82E-02  1.42E-02 -1.87E-05 -3.11E-03  1.32E-02  1.71E-02
    -4.0        5.59E-02  2.59E-02  8.10E-03 -6.45E-06  6.09E-03  3.08E-02  3.60E-02
    -2.0        4.69E-02  2.01E-02  5.18E-03 -6.19E-07  1.05E-02  3.92E-02  4.49E-02
      .0        3.82E-02  1.44E-02  2.36E-03  5.03E-06  1.47E-02  4.73E-02  5.36E-02
     2.0        2.95E-02  8.74E-03 -4.94E-04  1.07E-05  1.90E-02  5.55E-02  6.24E-02
     4.0        2.05E-02  2.91E-03 -3.41E-03  1.66E-05  2.33E-02  6.39E-02  7.13E-02
     6.0        1.12E-02 -3.14E-03 -6.43E-03  2.26E-05  2.79E-02  7.25E-02  8.06E-02
     8.0        1.66E-03 -9.35E-03 -9.54E-03  2.88E-05  3.25E-02  8.15E-02  9.02E-02
0***NDM PRINTED WHEN NO DATCOM METHODS EXIST
 WARNING*** BODY ALONE DYNAMIC DERIVATIVE METHOD VALID FOR NOSE CYLINDER ONLY
            TAIL EFFECTS IGNORED]
1                               AUTOMATED STABILITY AND CONTROL METHODS PER APRIL 1976 VERSION OF DATCOM
                                         CHARACTERISTICS AT ANGLE OF ATTACK AND IN SIDESLIP
                                        WING-BODY-VERTICAL TAIL-HORIZONTAL TAIL CONFIGURATION
                                                          TOTAL AIRCRAFT
 
 -----------------------  FLIGHT CONDITIONS  ------------------------           --------------  REFERENCE DIMENSIONS  ------------
  MACH    ALTITUDE   VELOCITY    PRESSURE    TEMPERATURE     REYNOLDS             REF.      REFERENCE LENGTH   MOMENT REF. CENTER
 NUMBER                                                       NUMBER              AREA       LONG.     LAT.     HORIZ      VERT
              M        M/SEC      N/ M**2       DEG K         1/ M                M**2         M         M         M         M
0  .250    3000.00      82.14   7.0121E+04     268.659     4.3895E+06            19.588      2.353     9.620     8.360      .000
0                                                               -------------------DERIVATIVE (PER DEGREE)-------------------
0 ALPHA     CD       CL       CM       CN       CA       XCP        CLA          CMA          CYB          CNB          CLB
0
  -16.0     .399   -6.031    -.0863  -5.907   -1.279     .015    5.003E-01    4.034E-01   -6.513E-02    1.953E-02   -3.772E-02
  -12.0     .228   -3.946     .5938  -3.908    -.597    -.152    5.194E-01    1.350E-01                             -3.726E-02
   -8.0     .124   -1.875     .9935  -1.874    -.139    -.530    5.106E-01    6.368E-02                             -3.699E-02
   -4.0     .083     .138    1.1032    .132     .093    8.342    5.117E-01    1.595E-02                             -3.685E-02
   -2.0     .088    1.170    1.1236   1.166     .129     .963    5.239E-01    4.277E-03                             -3.679E-02
     .0     .112    2.234    1.1203   2.234     .112     .502    5.400E-01   -1.076E-02                             -3.674E-02
    2.0     .156    3.330    1.0806   3.333     .040     .324    5.563E-01   -3.015E-02                             -3.670E-02
    4.0     .222    4.459     .9997   4.464    -.090     .224    5.713E-01   -5.409E-02                             -3.667E-02
    6.0     .310    5.615     .8642   5.617    -.278     .154    5.321E-01   -9.905E-02                             -3.663E-02
    8.0     .403    6.588     .6035   6.580    -.518     .092    4.405E-01   -1.617E-01                             -3.642E-02
0                                    ALPHA     Q/QINF    EPSLON  D(EPSLON)/D(ALPHA)
0
                                    -16.0      1.000     -4.662         .438
                                    -12.0      1.000     -2.910         .445
                                     -8.0      1.000     -1.103         .455
                                     -4.0      1.000       .727         .474
                                     -2.0      1.000      1.692         .490
                                       .0      1.000      2.688         .494
                                      2.0      1.000      3.669         .485
                                      4.0      1.000      4.628         .466
                                      6.0      1.000      5.532         .434
                                      8.0      1.000      6.364         .416
1                               AUTOMATED STABILITY AND CONTROL METHODS PER APRIL 1976 VERSION OF DATCOM
                                                         DYNAMIC DERIVATIVES
                                        WING-BODY-VERTICAL TAIL-HORIZONTAL TAIL CONFIGURATION
                                                          TOTAL AIRCRAFT
 
 -----------------------  FLIGHT CONDITIONS  ------------------------           --------------  REFERENCE DIMENSIONS  ------------
  MACH    ALTITUDE   VELOCITY    PRESSURE    TEMPERATURE     REYNOLDS             REF.      REFERENCE LENGTH   MOMENT REF. CENTER
 NUMBER                                                       NUMBER              AREA       LONG.     LAT.     HORIZ      VERT
              M        M/SEC      N/ M**2       DEG K         1/ M                M**2         M         M         M         M
0  .250    3000.00      82.14   7.0121E+04     268.659     4.3895E+06            19.588      2.353     9.620     8.360      .000
                                                    DYNAMIC DERIVATIVES (PER DEGREE)
0           -------PITCHING-------    -----ACCELERATION------    --------------ROLLING--------------    --------YAWING--------
0   ALPHA       CLQ          CMQ           CLAD         CMAD         CLP          CYP          CNP          CNR          CLR
0
   -16.00    1.912E-01   -5.405E-01     5.089E-02   -1.864E-01   -4.714E-01   -1.356E-02    7.869E-02   -6.086E-02    1.603E-02
   -12.00                               5.170E-02   -1.894E-01   -4.572E-01   -1.760E-02    5.073E-02   -6.009E-02    2.092E-02
    -8.00                               5.283E-02   -1.936E-01   -4.390E-01   -2.123E-02    2.273E-02   -6.165E-02    2.501E-02
    -4.00                               5.508E-02   -2.018E-01   -4.373E-01   -2.429E-02   -4.739E-03   -6.523E-02    2.820E-02
    -2.00                               5.696E-02   -2.087E-01   -4.494E-01   -2.591E-02   -1.897E-02   -6.772E-02    2.973E-02
      .00                               5.746E-02   -2.105E-01   -4.623E-01   -2.762E-02   -3.353E-02   -7.074E-02    3.126E-02
     2.00                               5.636E-02   -2.065E-01   -4.716E-01   -2.941E-02   -4.844E-02   -7.435E-02    3.278E-02
     4.00                               5.410E-02   -1.982E-01   -4.771E-01   -3.125E-02   -6.365E-02   -7.854E-02    3.426E-02
     6.00                               5.044E-02   -1.848E-01   -4.257E-01   -3.332E-02   -8.148E-02   -8.331E-02    3.569E-02
     8.00                               4.837E-02   -1.772E-01   -3.194E-01   -3.438E-02   -9.755E-02   -8.759E-02    3.619E-02
0*** VEHICLE WEIGHT = ********* N. 
0*** LEVEL FLIGHT LIFT COEFFICIENT =********
1                            AUTOMATED STABILITY AND CONTROL METHODS PER APRIL 1976 VERSION OF DATCOM
                                         CHARACTERISTICS OF HIGH LIFT AND CONTROL DEVICES
                                            TAIL PLAIN TRAILING-EDGE FLAP CONFIGURATION
                                                          TOTAL AIRCRAFT
 -----------------------  FLIGHT CONDITIONS  ------------------------           --------------  REFERENCE DIMENSIONS  ------------
  MACH    ALTITUDE   VELOCITY    PRESSURE    TEMPERATURE     REYNOLDS             REF.      REFERENCE LENGTH   MOMENT REF. CENTER
 NUMBER                                                       NUMBER              AREA       LONG.     LAT.     HORIZ      VERT
              M        M/SEC      N/ M**2       DEG K         1/ M                M**2         M         M         M         M
0  .250    3000.00      82.14   3.0587E+01     870.455     4.0780E+05            19.588      2.353     9.620     8.360      .000
0            ---------INCREMENTS DUE TO DEFLECTION---------              ---DERIVATIVES (PER DEGREE)---
0     DELTA     D(CL)     D(CM)    D(CL MAX)    D(CD MIN)                (CLA)D     (CH)A       (CH)D


      -20.0     -.147     2.5974      .678       .05697                  NDM      -5.799E-03  -1.351E-02
      -10.0     -.096     1.7044      .392       .01911                  NDM                  -1.248E-02
       -5.0     -.048      .8522      .202       .00955                  NDM                  -1.248E-02
         .0      .000     -.0017      .000       .00002                  NDM                  -1.248E-02
        7.5      .072    -1.2783      .297       .01433                  NDM                  -1.248E-02
       15.0      .137    -2.4447      .547       .03787                  NDM                  -1.267E-02
       20.0      .147    -2.6683      .678       .05697                  NDM                  -1.351E-02
0  *** NOTE * HINGE MOMENT DERIVATIVES ARE BASED ON TWICE THE AREA-MOMENT OF THE CONTROL ABOUT ITS HINGE LINE

0            --------- INDUCED DRAG COEFFICIENT INCREMENT , D(CDI) , DUE TO DEFLECTION ---------
0       DELTA = -20.0     -10.0      -5.0        .0       7.5      15.0      20.0
   ALPHA
0
   -16.0        1.14E-01  6.36E-02  2.69E-02 -4.41E-05 -2.21E-02 -2.31E-02 -2.17E-02
   -12.0        9.41E-02  5.08E-02  2.05E-02 -3.13E-05 -1.25E-02 -4.80E-03 -2.13E-03
    -8.0        7.49E-02  3.83E-02  1.43E-02 -1.88E-05 -3.18E-03  1.31E-02  1.70E-02
    -4.0        5.60E-02  2.60E-02  8.13E-03 -6.50E-06  6.06E-03  3.08E-02  3.60E-02
    -2.0        4.70E-02  2.01E-02  5.19E-03 -6.21E-07  1.05E-02  3.92E-02  4.50E-02
      .0        3.82E-02  1.44E-02  2.34E-03  5.08E-06  1.48E-02  4.74E-02  5.37E-02
     2.0        2.93E-02  8.63E-03 -5.55E-04  1.09E-05  1.91E-02  5.57E-02  6.26E-02
     4.0        2.02E-02  2.71E-03 -3.51E-03  1.68E-05  2.35E-02  6.42E-02  7.17E-02
     6.0        1.06E-02 -3.51E-03 -6.63E-03  2.30E-05  2.82E-02  7.32E-02  8.13E-02
     8.0        4.59E-04 -1.01E-02 -9.94E-03  2.96E-05  3.32E-02  8.27E-02  9.15E-02
0***NDM PRINTED WHEN NO DATCOM METHODS EXIST
 WARNING*** BODY ALONE DYNAMIC DERIVATIVE METHOD VALID FOR NOSE CYLINDER ONLY
            TAIL EFFECTS IGNORED]
1                               AUTOMATED STABILITY AND CONTROL METHODS PER APRIL 1976 VERSION OF DATCOM
                                         CHARACTERISTICS AT ANGLE OF ATTACK AND IN SIDESLIP
                                        WING-BODY-VERTICAL TAIL-HORIZONTAL TAIL CONFIGURATION
                                                          TOTAL AIRCRAFT
 
 -----------------------  FLIGHT CONDITIONS  ------------------------           --------------  REFERENCE DIMENSIONS  ------------
  MACH    ALTITUDE   VELOCITY    PRESSURE    TEMPERATURE     REYNOLDS             REF.      REFERENCE LENGTH   MOMENT REF. CENTER
 NUMBER                                                       NUMBER              AREA       LONG.     LAT.     HORIZ      VERT
              M        M/SEC      N/ M**2       DEG K         1/ M                M**2         M         M         M         M
0  .300    3000.00      98.56   7.0121E+04     268.659     5.2674E+06            19.588      2.353     9.620     8.360      .000
0                                                               -------------------DERIVATIVE (PER DEGREE)-------------------
0 ALPHA     CD       CL       CM       CN       CA       XCP        CLA          CMA          CYB          CNB          CLB
0
  -16.0     .395   -5.989    -.0493  -5.866   -1.271     .008    4.886E-01    3.963E-01   -6.532E-02    1.932E-02   -3.789E-02
  -12.0     .228   -3.939     .6103  -3.900    -.596    -.156    5.134E-01    1.312E-01                             -3.738E-02
   -8.0     .123   -1.881    1.0004  -1.880    -.140    -.532    5.097E-01    6.232E-02                             -3.709E-02
   -4.0     .083     .139    1.1089    .133     .092    8.361    5.122E-01    1.468E-02                             -3.694E-02
   -2.0     .088    1.170    1.1258   1.167     .128     .965    5.224E-01    1.787E-03                             -3.688E-02
     .0     .111    2.228    1.1160   2.228     .111     .501    5.358E-01   -1.484E-02                             -3.682E-02
    2.0     .154    3.313    1.0664   3.317     .039     .322    5.497E-01   -3.659E-02                             -3.677E-02
    4.0     .219    4.427     .9697   4.431    -.091     .219    5.439E-01   -7.050E-02                             -3.672E-02
    6.0     .299    5.489     .7844   5.490    -.277     .143    4.860E-01   -1.229E-01                             -3.660E-02
    8.0     .381    6.371     .4781   6.362    -.509     .075    3.962E-01   -1.834E-01                             -3.631E-02
0                                    ALPHA     Q/QINF    EPSLON  D(EPSLON)/D(ALPHA)
0
                                    -16.0      1.000     -4.637         .433
                                    -12.0      1.000     -2.904         .442
                                     -8.0      1.000     -1.104         .454
                                     -4.0      1.000       .729         .474
                                     -2.0      1.000      1.692         .489
                                       .0      1.000      2.684         .491
                                      2.0      1.000      3.658         .478
                                      4.0      1.000      4.596         .449
                                      6.0      1.000      5.455         .410
                                      8.0      1.000      6.236         .391
1                               AUTOMATED STABILITY AND CONTROL METHODS PER APRIL 1976 VERSION OF DATCOM
                                                         DYNAMIC DERIVATIVES
                                        WING-BODY-VERTICAL TAIL-HORIZONTAL TAIL CONFIGURATION
                                                          TOTAL AIRCRAFT
 
 -----------------------  FLIGHT CONDITIONS  ------------------------           --------------  REFERENCE DIMENSIONS  ------------
  MACH    ALTITUDE   VELOCITY    PRESSURE    TEMPERATURE     REYNOLDS             REF.      REFERENCE LENGTH   MOMENT REF. CENTER
 NUMBER                                                       NUMBER              AREA       LONG.     LAT.     HORIZ      VERT
              M        M/SEC      N/ M**2       DEG K         1/ M                M**2         M         M         M         M
0  .300    3000.00      98.56   7.0121E+04     268.659     5.2674E+06            19.588      2.353     9.620     8.360      .000
                                                    DYNAMIC DERIVATIVES (PER DEGREE)
0           -------PITCHING-------    -----ACCELERATION------    --------------ROLLING--------------    --------YAWING--------
0   ALPHA       CLQ          CMQ           CLAD         CMAD         CLP          CYP          CNP          CNR          CLR
0
   -16.00    1.893E-01   -5.288E-01     4.880E-02   -1.788E-01   -4.607E-01   -1.398E-02    7.821E-02   -6.086E-02    1.612E-02
   -12.00                               4.974E-02   -1.822E-01   -4.518E-01   -1.782E-02    5.063E-02   -6.026E-02    2.095E-02
    -8.00                               5.115E-02   -1.874E-01   -4.386E-01   -2.136E-02    2.276E-02   -6.186E-02    2.506E-02
    -4.00                               5.335E-02   -1.954E-01   -4.378E-01   -2.441E-02   -4.725E-03   -6.545E-02    2.835E-02
    -2.00                               5.505E-02   -2.017E-01   -4.478E-01   -2.600E-02   -1.892E-02   -6.795E-02    2.991E-02
      .00                               5.535E-02   -2.028E-01   -4.579E-01   -2.767E-02   -3.341E-02   -7.097E-02    3.145E-02
     2.00                               5.383E-02   -1.972E-01   -4.645E-01   -2.939E-02   -4.821E-02   -7.454E-02    3.296E-02
     4.00                               5.061E-02   -1.854E-01   -4.476E-01   -3.120E-02   -6.400E-02   -7.866E-02    3.440E-02
     6.00                               4.619E-02   -1.692E-01   -3.782E-01   -3.284E-02   -8.107E-02   -8.298E-02    3.546E-02
     8.00                               4.401E-02   -1.612E-01   -2.779E-01   -3.347E-02   -9.568E-02   -8.676E-02    3.564E-02
0*** VEHICLE WEIGHT = ********* N. 
0*** LEVEL FLIGHT LIFT COEFFICIENT =********
1                            AUTOMATED STABILITY AND CONTROL METHODS PER APRIL 1976 VERSION OF DATCOM
                                         CHARACTERISTICS OF HIGH LIFT AND CONTROL DEVICES
                                            TAIL PLAIN TRAILING-EDGE FLAP CONFIGURATION
                                                          TOTAL AIRCRAFT
 -----------------------  FLIGHT CONDITIONS  ------------------------           --------------  REFERENCE DIMENSIONS  ------------
  MACH    ALTITUDE   VELOCITY    PRESSURE    TEMPERATURE     REYNOLDS             REF.      REFERENCE LENGTH   MOMENT REF. CENTER
 NUMBER                                                       NUMBER              AREA       LONG.     LAT.     HORIZ      VERT
              M        M/SEC      N/ M**2       DEG K         1/ M                M**2         M         M         M         M
0  .300    3000.00      98.56   3.0587E+01     870.455     4.8936E+05            19.588      2.353     9.620     8.360      .000
0            ---------INCREMENTS DUE TO DEFLECTION---------              ---DERIVATIVES (PER DEGREE)---
0     DELTA     D(CL)     D(CM)    D(CL MAX)    D(CD MIN)                (CLA)D     (CH)A       (CH)D


      -20.0     -.141     2.2975      .678       .05696                  NDM      -5.894E-03  -1.374E-02
      -10.0     -.092     1.5092      .392       .01911                  NDM                  -1.270E-02
       -5.0     -.046      .7546      .202       .00955                  NDM                  -1.270E-02
         .0      .000     -.0015      .000       .00002                  NDM                  -1.270E-02
        7.5      .069    -1.1319      .297       .01433                  NDM                  -1.270E-02
       15.0      .132    -2.1645      .547       .03787                  NDM                  -1.289E-02
       20.0      .141    -2.3685      .678       .05696                  NDM                  -1.374E-02
0  *** NOTE * HINGE MOMENT DERIVATIVES ARE BASED ON TWICE THE AREA-MOMENT OF THE CONTROL ABOUT ITS HINGE LINE

0            --------- INDUCED DRAG COEFFICIENT INCREMENT , D(CDI) , DUE TO DEFLECTION ---------
0       DELTA = -20.0     -10.0      -5.0        .0       7.5      15.0      20.0
   ALPHA
0
   -16.0        1.14E-01  6.38E-02  2.71E-02 -4.44E-05 -2.24E-02 -2.39E-02 -2.25E-02
   -12.0        9.41E-02  5.09E-02  2.06E-02 -3.15E-05 -1.27E-02 -5.27E-03 -2.64E-03
    -8.0        7.48E-02  3.83E-02  1.43E-02 -1.89E-05 -3.30E-03  1.28E-02  1.67E-02
    -4.0        5.58E-02  2.59E-02  8.13E-03 -6.55E-06  5.98E-03  3.05E-02  3.57E-02
    -2.0        4.67E-02  2.00E-02  5.17E-03 -6.25E-07  1.04E-02  3.90E-02  4.48E-02
      .0        3.79E-02  1.43E-02  2.29E-03  5.13E-06  1.47E-02  4.73E-02  5.36E-02
     2.0        2.89E-02  8.41E-03 -6.39E-04  1.10E-05  1.91E-02  5.57E-02  6.26E-02
     4.0        1.96E-02  2.35E-03 -3.67E-03  1.71E-05  2.37E-02  6.44E-02  7.19E-02
     6.0        9.58E-03 -4.16E-03 -6.93E-03  2.36E-05  2.86E-02  7.38E-02  8.19E-02
     8.0       -1.11E-03 -1.11E-02 -1.04E-02  3.05E-05  3.38E-02  8.38E-02  9.26E-02
0***NDM PRINTED WHEN NO DATCOM METHODS EXIST
 WARNING*** BODY ALONE DYNAMIC DERIVATIVE METHOD VALID FOR NOSE CYLINDER ONLY
            TAIL EFFECTS IGNORED]
1                               AUTOMATED STABILITY AND CONTROL METHODS PER APRIL 1976 VERSION OF DATCOM
                                         CHARACTERISTICS AT ANGLE OF ATTACK AND IN SIDESLIP
                                        WING-BODY-VERTICAL TAIL-HORIZONTAL TAIL CONFIGURATION
                                                          TOTAL AIRCRAFT
 
 -----------------------  FLIGHT CONDITIONS  ------------------------           --------------  REFERENCE DIMENSIONS  ------------
  MACH    ALTITUDE   VELOCITY    PRESSURE    TEMPERATURE     REYNOLDS             REF.      REFERENCE LENGTH   MOMENT REF. CENTER
 NUMBER                                                       NUMBER              AREA       LONG.     LAT.     HORIZ      VERT
              M        M/SEC      N/ M**2       DEG K         1/ M                M**2         M         M         M         M
0  .350    3000.00     114.99   7.0121E+04     268.659     6.1453E+06            19.588      2.353     9.620     8.360      .000
0                                                               -------------------DERIVATIVE (PER DEGREE)-------------------
0 ALPHA     CD       CL       CM       CN       CA       XCP        CLA          CMA          CYB          CNB          CLB
0
  -16.0     .388   -5.896     .0130  -5.775   -1.252    -.002    4.572E-01    3.787E-01   -6.554E-02    1.919E-02   -3.813E-02
  -12.0     .227   -3.931     .6236  -3.892    -.595    -.160    5.009E-01    1.239E-01                             -3.753E-02
   -8.0     .123   -1.889    1.0041  -1.888    -.141    -.532    5.088E-01    6.108E-02                             -3.721E-02
   -4.0     .083     .140    1.1122    .134     .092    8.328    5.132E-01    1.353E-02                             -3.706E-02
   -2.0     .087    1.172    1.1258   1.168     .128     .964    5.213E-01   -7.193E-04                             -3.699E-02
     .0     .111    2.225    1.1093   2.225     .111     .499    5.317E-01   -1.914E-02                             -3.693E-02
    2.0     .153    3.299    1.0492   3.302     .038     .318    5.429E-01   -4.362E-02                             -3.686E-02
    4.0     .216    4.396     .9349   4.401    -.091     .212    5.127E-01   -8.908E-02                             -3.679E-02
    6.0     .286    5.350     .6929   5.350    -.274     .130    4.366E-01   -1.482E-01                             -3.658E-02
    8.0     .360    6.143     .3419   6.133    -.499     .056    3.567E-01   -2.028E-01                             -3.620E-02
0                                    ALPHA     Q/QINF    EPSLON  D(EPSLON)/D(ALPHA)
0
                                    -16.0      1.000     -4.585         .421
                                    -12.0      1.000     -2.899         .435
                                     -8.0      1.000     -1.105         .454
                                     -4.0      1.000       .732         .474
                                     -2.0      1.000      1.693         .488
                                       .0      1.000      2.682         .488
                                      2.0      1.000      3.647         .470
                                      4.0      1.000      4.563         .431
                                      6.0      1.000      5.372         .385
                                      8.0      1.000      6.102         .365
1                               AUTOMATED STABILITY AND CONTROL METHODS PER APRIL 1976 VERSION OF DATCOM
                                                         DYNAMIC DERIVATIVES
                                        WING-BODY-VERTICAL TAIL-HORIZONTAL TAIL CONFIGURATION
                                                          TOTAL AIRCRAFT
 
 -----------------------  FLIGHT CONDITIONS  ------------------------           --------------  REFERENCE DIMENSIONS  ------------
  MACH    ALTITUDE   VELOCITY    PRESSURE    TEMPERATURE     REYNOLDS             REF.      REFERENCE LENGTH   MOMENT REF. CENTER
 NUMBER                                                       NUMBER              AREA       LONG.     LAT.     HORIZ      VERT
              M        M/SEC      N/ M**2       DEG K         1/ M                M**2         M         M         M         M
0  .350    3000.00     114.99   7.0121E+04     268.659     6.1453E+06            19.588      2.353     9.620     8.360      .000
                                                    DYNAMIC DERIVATIVES (PER DEGREE)
0           -------PITCHING-------    -----ACCELERATION------    --------------ROLLING--------------    --------YAWING--------
0   ALPHA       CLQ          CMQ           CLAD         CMAD         CLP          CYP          CNP          CNR          CLR
0
   -16.00    1.815E-01   -4.943E-01     4.329E-02   -1.586E-01   -4.309E-01   -1.461E-02    7.751E-02   -6.075E-02    1.638E-02
   -12.00                               4.468E-02   -1.637E-01   -4.398E-01   -1.805E-02    5.069E-02   -6.049E-02    2.097E-02
    -8.00                               4.663E-02   -1.708E-01   -4.381E-01   -2.150E-02    2.281E-02   -6.213E-02    2.513E-02
    -4.00                               4.864E-02   -1.782E-01   -4.382E-01   -2.454E-02   -4.709E-03   -6.574E-02    2.853E-02
    -2.00                               5.009E-02   -1.835E-01   -4.460E-01   -2.611E-02   -1.887E-02   -6.825E-02    3.014E-02
      .00                               5.018E-02   -1.838E-01   -4.531E-01   -2.772E-02   -3.329E-02   -7.127E-02    3.170E-02
     2.00                               4.830E-02   -1.769E-01   -4.566E-01   -2.936E-02   -4.797E-02   -7.480E-02    3.320E-02
     4.00                               4.430E-02   -1.623E-01   -4.134E-01   -3.115E-02   -6.440E-02   -7.885E-02    3.462E-02
     6.00                               3.953E-02   -1.448E-01   -3.269E-01   -3.228E-02   -8.036E-02   -8.267E-02    3.523E-02
     8.00                               3.751E-02   -1.374E-01   -2.424E-01   -3.246E-02   -9.327E-02   -8.600E-02    3.509E-02
0*** VEHICLE WEIGHT = ********* N. 
0*** LEVEL FLIGHT LIFT COEFFICIENT =********
1                            AUTOMATED STABILITY AND CONTROL METHODS PER APRIL 1976 VERSION OF DATCOM
                                         CHARACTERISTICS OF HIGH LIFT AND CONTROL DEVICES
                                            TAIL PLAIN TRAILING-EDGE FLAP CONFIGURATION
                                                          TOTAL AIRCRAFT
 -----------------------  FLIGHT CONDITIONS  ------------------------           --------------  REFERENCE DIMENSIONS  ------------
  MACH    ALTITUDE   VELOCITY    PRESSURE    TEMPERATURE     REYNOLDS             REF.      REFERENCE LENGTH   MOMENT REF. CENTER
 NUMBER                                                       NUMBER              AREA       LONG.     LAT.     HORIZ      VERT
              M        M/SEC      N/ M**2       DEG K         1/ M                M**2         M         M         M         M
0  .350    3000.00     114.99   3.0587E+01     870.455     5.7092E+05            19.588      2.353     9.620     8.360      .000
0            ---------INCREMENTS DUE TO DEFLECTION---------              ---DERIVATIVES (PER DEGREE)---
0     DELTA     D(CL)     D(CM)    D(CL MAX)    D(CD MIN)                (CLA)D     (CH)A       (CH)D


      -20.0     -.127     1.9861      .678       .05695                  NDM      -6.014E-03  -1.402E-02
      -10.0     -.083     1.2777      .392       .01910                  NDM                  -1.297E-02
       -5.0     -.041      .6389      .202       .00955                  NDM                  -1.297E-02
         .0      .000     -.0013      .000       .00002                  NDM                  -1.297E-02
        7.5      .062     -.9583      .297       .01433                  NDM                  -1.297E-02
       15.0      .119    -1.8342      .547       .03786                  NDM                  -1.317E-02
       20.0      .127    -1.9913      .678       .05695                  NDM                  -1.402E-02
0  *** NOTE * HINGE MOMENT DERIVATIVES ARE BASED ON TWICE THE AREA-MOMENT OF THE CONTROL ABOUT ITS HINGE LINE

0            --------- INDUCED DRAG COEFFICIENT INCREMENT , D(CDI) , DUE TO DEFLECTION ---------
0       DELTA = -20.0     -10.0      -5.0        .0       7.5      15.0      20.0
   ALPHA
0
   -16.0        1.14E-01  6.42E-02  2.73E-02 -4.50E-05 -2.29E-02 -2.49E-02 -2.37E-02
   -12.0        9.41E-02  5.09E-02  2.07E-02 -3.17E-05 -1.29E-02 -5.85E-03 -3.29E-03
    -8.0        7.46E-02  3.83E-02  1.43E-02 -1.90E-05 -3.45E-03  1.23E-02  1.62E-02
    -4.0        5.56E-02  2.58E-02  8.12E-03 -6.60E-06  5.86E-03  3.01E-02  3.52E-02
    -2.0        4.64E-02  1.99E-02  5.14E-03 -6.35E-07  1.03E-02  3.87E-02  4.44E-02
      .0        3.75E-02  1.41E-02  2.23E-03  5.17E-06  1.47E-02  4.70E-02  5.33E-02
     2.0        2.84E-02  8.14E-03 -7.35E-04  1.11E-05  1.91E-02  5.56E-02  6.24E-02
     4.0        1.88E-02  1.92E-03 -3.85E-03  1.73E-05  2.38E-02  6.45E-02  7.20E-02
     6.0        8.30E-03 -4.91E-03 -7.26E-03  2.42E-05  2.89E-02  7.43E-02  8.25E-02
     8.0       -2.89E-03 -1.22E-02 -1.09E-02  3.14E-05  3.44E-02  8.48E-02  9.37E-02
0***NDM PRINTED WHEN NO DATCOM METHODS EXIST
 WARNING*** BODY ALONE DYNAMIC DERIVATIVE METHOD VALID FOR NOSE CYLINDER ONLY
            TAIL EFFECTS IGNORED]
1                               AUTOMATED STABILITY AND CONTROL METHODS PER APRIL 1976 VERSION OF DATCOM
                                         CHARACTERISTICS AT ANGLE OF ATTACK AND IN SIDESLIP
                                        WING-BODY-VERTICAL TAIL-HORIZONTAL TAIL CONFIGURATION
                                                          TOTAL AIRCRAFT
 
 -----------------------  FLIGHT CONDITIONS  ------------------------           --------------  REFERENCE DIMENSIONS  ------------
  MACH    ALTITUDE   VELOCITY    PRESSURE    TEMPERATURE     REYNOLDS             REF.      REFERENCE LENGTH   MOMENT REF. CENTER
 NUMBER                                                       NUMBER              AREA       LONG.     LAT.     HORIZ      VERT
              M        M/SEC      N/ M**2       DEG K         1/ M                M**2         M         M         M         M
0  .100    7000.00      31.23   4.1105E+04     242.700     1.1748E+06            19.588      2.353     9.620     8.360      .000
0                                                               -------------------DERIVATIVE (PER DEGREE)-------------------
0 ALPHA     CD       CL       CM       CN       CA       XCP        CLA          CMA          CYB          CNB          CLB
0
  -16.0     .421   -6.039    -.1119  -5.921   -1.259     .019    5.085E-01    4.091E-01   -6.480E-02    2.192E-02   -3.749E-02
  -12.0     .250   -3.932     .5817  -3.898    -.573    -.149    5.224E-01    1.374E-01                             -3.706E-02
   -8.0     .145   -1.860     .9874  -1.862    -.115    -.530    5.086E-01    6.434E-02                             -3.682E-02
   -4.0     .106     .137    1.0964    .129     .115    8.479    5.084E-01    1.677E-02                             -3.668E-02
   -2.0     .110    1.163    1.1195   1.159     .151     .966    5.223E-01    6.360E-03                             -3.662E-02
     .0     .134    2.226    1.1219   2.226     .134     .504    5.409E-01   -7.040E-03                             -3.657E-02
    2.0     .178    3.327    1.0913   3.331     .062     .328    5.598E-01   -2.486E-02                             -3.654E-02
    4.0     .245    4.466    1.0224   4.472    -.067     .229    5.770E-01   -4.641E-02                             -3.652E-02
    6.0     .335    5.635     .9057   5.639    -.256     .161    5.698E-01   -7.571E-02                             -3.651E-02
    8.0     .442    6.745     .7196   6.741    -.501     .107    5.401E-01   -1.104E-01                             -3.642E-02
0                                    ALPHA     Q/QINF    EPSLON  D(EPSLON)/D(ALPHA)
0
                                    -16.0      1.000     -4.670         .441
                                    -12.0      1.000     -2.906         .447
                                     -8.0      1.000     -1.098         .454
                                     -4.0      1.000       .723         .473
                                     -2.0      1.000      1.686         .490
                                       .0      1.000      2.682         .496
                                      2.0      1.000      3.668         .488
                                      4.0      1.000      4.633         .473
                                      6.0      1.000      5.559         .457
                                      8.0      1.000      6.461         .451
1                               AUTOMATED STABILITY AND CONTROL METHODS PER APRIL 1976 VERSION OF DATCOM
                                                         DYNAMIC DERIVATIVES
                                        WING-BODY-VERTICAL TAIL-HORIZONTAL TAIL CONFIGURATION
                                                          TOTAL AIRCRAFT
 
 -----------------------  FLIGHT CONDITIONS  ------------------------           --------------  REFERENCE DIMENSIONS  ------------
  MACH    ALTITUDE   VELOCITY    PRESSURE    TEMPERATURE     REYNOLDS             REF.      REFERENCE LENGTH   MOMENT REF. CENTER
 NUMBER                                                       NUMBER              AREA       LONG.     LAT.     HORIZ      VERT
              M        M/SEC      N/ M**2       DEG K         1/ M                M**2         M         M         M         M
0  .100    7000.00      31.23   4.1105E+04     242.700     1.1748E+06            19.588      2.353     9.620     8.360      .000
                                                    DYNAMIC DERIVATIVES (PER DEGREE)
0           -------PITCHING-------    -----ACCELERATION------    --------------ROLLING--------------    --------YAWING--------
0   ALPHA       CLQ          CMQ           CLAD         CMAD         CLP          CYP          CNP          CNR          CLR
0
   -16.00    1.898E-01   -5.433E-01     5.194E-02   -1.903E-01   -4.765E-01   -1.298E-02    7.910E-02   -6.100E-02    1.612E-02
   -12.00                               5.259E-02   -1.927E-01   -4.574E-01   -1.719E-02    5.079E-02   -6.012E-02    2.095E-02
    -8.00                               5.343E-02   -1.957E-01   -4.347E-01   -2.090E-02    2.266E-02   -6.165E-02    2.491E-02
    -4.00                               5.568E-02   -2.040E-01   -4.320E-01   -2.397E-02   -4.766E-03   -6.520E-02    2.792E-02
    -2.00                               5.769E-02   -2.114E-01   -4.460E-01   -2.561E-02   -1.902E-02   -6.767E-02    2.937E-02
      .00                               5.837E-02   -2.138E-01   -4.614E-01   -2.737E-02   -3.365E-02   -7.068E-02    3.085E-02
     2.00                               5.746E-02   -2.105E-01   -4.732E-01   -2.922E-02   -4.865E-02   -7.428E-02    3.233E-02
     4.00                               5.568E-02   -2.040E-01   -4.812E-01   -3.114E-02   -6.399E-02   -7.851E-02    3.379E-02
     6.00                               5.383E-02   -1.972E-01   -4.647E-01   -3.319E-02   -8.060E-02   -8.336E-02    3.521E-02
     8.00                               5.315E-02   -1.947E-01   -4.258E-01   -3.486E-02   -9.671E-02   -8.839E-02    3.625E-02
0*** VEHICLE WEIGHT = ********* N. 
0*** LEVEL FLIGHT LIFT COEFFICIENT =********
1                            AUTOMATED STABILITY AND CONTROL METHODS PER APRIL 1976 VERSION OF DATCOM
                                         CHARACTERISTICS OF HIGH LIFT AND CONTROL DEVICES
                                            TAIL PLAIN TRAILING-EDGE FLAP CONFIGURATION
                                                          TOTAL AIRCRAFT
 -----------------------  FLIGHT CONDITIONS  ------------------------           --------------  REFERENCE DIMENSIONS  ------------
  MACH    ALTITUDE   VELOCITY    PRESSURE    TEMPERATURE     REYNOLDS             REF.      REFERENCE LENGTH   MOMENT REF. CENTER
 NUMBER                                                       NUMBER              AREA       LONG.     LAT.     HORIZ      VERT
              M        M/SEC      N/ M**2       DEG K         1/ M                M**2         M         M         M         M
0  .100    7000.00      31.23   1.7930E+01     786.347     1.0915E+05            19.588      2.353     9.620     8.360      .000
0            ---------INCREMENTS DUE TO DEFLECTION---------              ---DERIVATIVES (PER DEGREE)---
0     DELTA     D(CL)     D(CM)    D(CL MAX)    D(CD MIN)                (CLA)D     (CH)A       (CH)D


      -20.0     -.143     1.7873      .678       .05696                  NDM      -5.558E-03  -1.347E-02
      -10.0     -.093     1.1519      .392       .01911                  NDM                  -1.250E-02
       -5.0     -.047      .5760      .202       .00955                  NDM                  -1.250E-02
         .0      .000     -.0012      .000       .00002                  NDM                  -1.250E-02
        7.5      .070     -.8639      .297       .01433                  NDM                  -1.250E-02
       15.0      .134    -1.6539      .547       .03787                  NDM                  -1.268E-02
       20.0      .143    -1.7925      .678       .05696                  NDM                  -1.347E-02
0  *** NOTE * HINGE MOMENT DERIVATIVES ARE BASED ON TWICE THE AREA-MOMENT OF THE CONTROL ABOUT ITS HINGE LINE

0            --------- INDUCED DRAG COEFFICIENT INCREMENT , D(CDI) , DUE TO DEFLECTION ---------
0       DELTA = -20.0     -10.0      -5.0        .0       7.5      15.0      20.0
   ALPHA
0
   -16.0        1.05E-01  5.89E-02  2.50E-02 -4.13E-05 -2.11E-02 -2.30E-02 -2.19E-02
   -12.0        8.67E-02  4.70E-02  1.91E-02 -2.94E-05 -1.21E-02 -5.89E-03 -3.58E-03
    -8.0        6.87E-02  3.53E-02  1.33E-02 -1.77E-05 -3.37E-03  1.09E-02  1.44E-02
    -4.0        5.09E-02  2.37E-02  7.45E-03 -6.07E-06  5.33E-03  2.75E-02  3.22E-02
    -2.0        4.24E-02  1.82E-02  4.69E-03 -5.51E-07  9.48E-03  3.55E-02  4.07E-02
      .0        3.42E-02  1.28E-02  2.01E-03  4.80E-06  1.35E-02  4.32E-02  4.89E-02
     2.0        2.59E-02  7.42E-03 -6.89E-04  1.02E-05  1.75E-02  5.09E-02  5.72E-02
     4.0        1.74E-02  1.91E-03 -3.44E-03  1.57E-05  2.17E-02  5.88E-02  6.57E-02
     6.0        8.65E-03 -3.81E-03 -6.31E-03  2.14E-05  2.60E-02  6.70E-02  7.45E-02
     8.0       -3.30E-04 -9.66E-03 -9.23E-03  2.73E-05  3.03E-02  7.54E-02  8.34E-02
0***NDM PRINTED WHEN NO DATCOM METHODS EXIST
 WARNING*** BODY ALONE DYNAMIC DERIVATIVE METHOD VALID FOR NOSE CYLINDER ONLY
            TAIL EFFECTS IGNORED]
1                               AUTOMATED STABILITY AND CONTROL METHODS PER APRIL 1976 VERSION OF DATCOM
                                         CHARACTERISTICS AT ANGLE OF ATTACK AND IN SIDESLIP
                                        WING-BODY-VERTICAL TAIL-HORIZONTAL TAIL CONFIGURATION
                                                          TOTAL AIRCRAFT
 
 -----------------------  FLIGHT CONDITIONS  ------------------------           --------------  REFERENCE DIMENSIONS  ------------
  MACH    ALTITUDE   VELOCITY    PRESSURE    TEMPERATURE     REYNOLDS             REF.      REFERENCE LENGTH   MOMENT REF. CENTER
 NUMBER                                                       NUMBER              AREA       LONG.     LAT.     HORIZ      VERT
              M        M/SEC      N/ M**2       DEG K         1/ M                M**2         M         M         M         M
0  .200    7000.00      62.45   4.1105E+04     242.700     2.3497E+06            19.588      2.353     9.620     8.360      .000
0                                                               -------------------DERIVATIVE (PER DEGREE)-------------------
0 ALPHA     CD       CL       CM       CN       CA       XCP        CLA          CMA          CYB          CNB          CLB
0
  -16.0     .409   -6.069    -.1163  -5.947   -1.280     .020    5.104E-01    4.102E-01   -6.499E-02    2.068E-02   -3.759E-02
  -12.0     .236   -3.954     .5814  -3.917    -.592    -.148    5.248E-01    1.382E-01                             -3.716E-02
   -8.0     .130   -1.871     .9896  -1.871    -.131    -.529    5.116E-01    6.491E-02                             -3.692E-02
   -4.0     .090     .138    1.1006    .132     .100    8.351    5.115E-01    1.710E-02                             -3.677E-02
   -2.0     .095    1.171    1.1242   1.167     .136     .964    5.253E-01    6.447E-03                             -3.671E-02
     .0     .120    2.240    1.1264   2.240     .120     .503    5.437E-01   -7.256E-03                             -3.667E-02
    2.0     .164    3.346    1.0951   3.349     .047     .327    5.624E-01   -2.538E-02                             -3.664E-02
    4.0     .231    4.489    1.0249   4.495    -.083     .228    5.794E-01   -4.732E-02                             -3.663E-02
    6.0     .322    5.663     .9059   5.666    -.272     .160    5.697E-01   -7.796E-02                             -3.662E-02
    8.0     .429    6.768     .7130   6.762    -.517     .105    5.352E-01   -1.149E-01                             -3.652E-02
0                                    ALPHA     Q/QINF    EPSLON  D(EPSLON)/D(ALPHA)
0
                                    -16.0      1.000     -4.685         .442
                                    -12.0      1.000     -2.917         .448
                                     -8.0      1.000     -1.102         .455
                                     -4.0      1.000       .726         .474
                                     -2.0      1.000      1.692         .492
                                       .0      1.000      2.692         .497
                                      2.0      1.000      3.681         .489
                                      4.0      1.000      4.649         .474
                                      6.0      1.000      5.575         .457
                                      8.0      1.000      6.475         .450
1                               AUTOMATED STABILITY AND CONTROL METHODS PER APRIL 1976 VERSION OF DATCOM
                                                         DYNAMIC DERIVATIVES
                                        WING-BODY-VERTICAL TAIL-HORIZONTAL TAIL CONFIGURATION
                                                          TOTAL AIRCRAFT
 
 -----------------------  FLIGHT CONDITIONS  ------------------------           --------------  REFERENCE DIMENSIONS  ------------
  MACH    ALTITUDE   VELOCITY    PRESSURE    TEMPERATURE     REYNOLDS             REF.      REFERENCE LENGTH   MOMENT REF. CENTER
 NUMBER                                                       NUMBER              AREA       LONG.     LAT.     HORIZ      VERT
              M        M/SEC      N/ M**2       DEG K         1/ M                M**2         M         M         M         M
0  .200    7000.00      62.45   4.1105E+04     242.700     2.3497E+06            19.588      2.353     9.620     8.360      .000
                                                    DYNAMIC DERIVATIVES (PER DEGREE)
0           -------PITCHING-------    -----ACCELERATION------    --------------ROLLING--------------    --------YAWING--------
0   ALPHA       CLQ          CMQ           CLAD         CMAD         CLP          CYP          CNP          CNR          CLR
0
   -16.00    1.905E-01   -5.398E-01     5.166E-02   -1.892E-01   -4.793E-01   -1.317E-02    7.914E-02   -6.104E-02    1.594E-02
   -12.00                               5.233E-02   -1.917E-01   -4.607E-01   -1.737E-02    5.084E-02   -6.013E-02    2.088E-02
    -8.00                               5.319E-02   -1.949E-01   -4.383E-01   -2.108E-02    2.270E-02   -6.165E-02    2.496E-02
    -4.00                               5.544E-02   -2.031E-01   -4.358E-01   -2.415E-02   -4.754E-03   -6.521E-02    2.808E-02
    -2.00                               5.743E-02   -2.104E-01   -4.497E-01   -2.579E-02   -1.902E-02   -6.770E-02    2.959E-02
      .00                               5.809E-02   -2.128E-01   -4.649E-01   -2.755E-02   -3.365E-02   -7.074E-02    3.112E-02
     2.00                               5.716E-02   -2.094E-01   -4.765E-01   -2.940E-02   -4.865E-02   -7.437E-02    3.265E-02
     4.00                               5.535E-02   -2.028E-01   -4.842E-01   -3.132E-02   -6.399E-02   -7.862E-02    3.417E-02
     6.00                               5.336E-02   -1.955E-01   -4.650E-01   -3.337E-02   -8.070E-02   -8.350E-02    3.564E-02
     8.00                               5.258E-02   -1.926E-01   -4.208E-01   -3.499E-02   -9.684E-02   -8.852E-02    3.669E-02
0*** VEHICLE WEIGHT = ********* N. 
0*** LEVEL FLIGHT LIFT COEFFICIENT =********
1                            AUTOMATED STABILITY AND CONTROL METHODS PER APRIL 1976 VERSION OF DATCOM
                                         CHARACTERISTICS OF HIGH LIFT AND CONTROL DEVICES
                                            TAIL PLAIN TRAILING-EDGE FLAP CONFIGURATION
                                                          TOTAL AIRCRAFT
 -----------------------  FLIGHT CONDITIONS  ------------------------           --------------  REFERENCE DIMENSIONS  ------------
  MACH    ALTITUDE   VELOCITY    PRESSURE    TEMPERATURE     REYNOLDS             REF.      REFERENCE LENGTH   MOMENT REF. CENTER
 NUMBER                                                       NUMBER              AREA       LONG.     LAT.     HORIZ      VERT
              M        M/SEC      N/ M**2       DEG K         1/ M                M**2         M         M         M         M
0  .200    7000.00      62.45   1.7930E+01     786.347     2.1829E+05            19.588      2.353     9.620     8.360      .000
0            ---------INCREMENTS DUE TO DEFLECTION---------              ---DERIVATIVES (PER DEGREE)---
0     DELTA     D(CL)     D(CM)    D(CL MAX)    D(CD MIN)                (CLA)D     (CH)A       (CH)D


      -20.0     -.145        nan      .678       .05697                  NDM      -5.684E-03  -1.349E-02
      -10.0     -.095        nan      .392       .01911                  NDM                  -1.248E-02
       -5.0     -.047        nan      .202       .00955                  NDM                  -1.248E-02
         .0      .000        nan      .000       .00002                  NDM                  -1.248E-02
        7.5      .071        nan      .297       .01433                  NDM                  -1.248E-02
       15.0      .136        nan      .547       .03787                  NDM                  -1.267E-02
       20.0      .145        nan      .678       .05697                  NDM                  -1.349E-02
0  *** NOTE * HINGE MOMENT DERIVATIVES ARE BASED ON TWICE THE AREA-MOMENT OF THE CONTROL ABOUT ITS HINGE LINE

0            --------- INDUCED DRAG COEFFICIENT INCREMENT , D(CDI) , DUE TO DEFLECTION ---------
0       DELTA = -20.0     -10.0      -5.0        .0       7.5      15.0      20.0
   ALPHA
0
   -16.0        1.10E-01  6.14E-02  2.60E-02 -4.28E-05 -2.16E-02 -2.29E-02 -2.16E-02
   -12.0        9.08E-02  4.91E-02  1.99E-02 -3.04E-05 -1.23E-02 -5.21E-03 -2.69E-03
    -8.0        7.22E-02  3.70E-02  1.38E-02 -1.83E-05 -3.26E-03  1.21E-02  1.59E-02
    -4.0        5.38E-02  2.50E-02  7.83E-03 -6.32E-06  5.74E-03  2.94E-02  3.43E-02
    -2.0        4.50E-02  1.93E-02  4.98E-03 -6.06E-07  1.00E-02  3.76E-02  4.31E-02
      .0        3.65E-02  1.38E-02  2.21E-03  4.92E-06  1.42E-02  4.55E-02  5.16E-02
     2.0        2.79E-02  8.17E-03 -5.81E-04  1.05E-05  1.84E-02  5.35E-02  6.02E-02
     4.0        1.92E-02  2.47E-03 -3.43E-03  1.62E-05  2.26E-02  6.17E-02  6.89E-02
     6.0        1.01E-02 -3.47E-03 -6.40E-03  2.21E-05  2.71E-02  7.03E-02  7.81E-02
     8.0        7.12E-04 -9.55E-03 -9.44E-03  2.82E-05  3.17E-02  7.90E-02  8.74E-02
0***NDM PRINTED WHEN NO DATCOM METHODS EXIST
 WARNING*** BODY ALONE DYNAMIC DERIVATIVE METHOD VALID FOR NOSE CYLINDER ONLY
            TAIL EFFECTS IGNORED]
1                               AUTOMATED STABILITY AND CONTROL METHODS PER APRIL 1976 VERSION OF DATCOM
                                         CHARACTERISTICS AT ANGLE OF ATTACK AND IN SIDESLIP
                                        WING-BODY-VERTICAL TAIL-HORIZONTAL TAIL CONFIGURATION
                                                          TOTAL AIRCRAFT
 
 -----------------------  FLIGHT CONDITIONS  ------------------------           --------------  REFERENCE DIMENSIONS  ------------
  MACH    ALTITUDE   VELOCITY    PRESSURE    TEMPERATURE     REYNOLDS             REF.      REFERENCE LENGTH   MOMENT REF. CENTER
 NUMBER                                                       NUMBER              AREA       LONG.     LAT.     HORIZ      VERT
              M        M/SEC      N/ M**2       DEG K         1/ M                M**2         M         M         M         M
0  .250    7000.00      78.07   4.1105E+04     242.700     2.9371E+06            19.588      2.353     9.620     8.360      .000
0                                                               -------------------DERIVATIVE (PER DEGREE)-------------------
0 ALPHA     CD       CL       CM       CN       CA       XCP        CLA          CMA          CYB          CNB          CLB
0
  -16.0     .403   -6.031    -.0828  -5.908   -1.275     .014    5.003E-01    4.034E-01   -6.513E-02    2.035E-02   -3.772E-02
  -12.0     .233   -3.946     .5972  -3.908    -.593    -.153    5.194E-01    1.349E-01                             -3.726E-02
   -8.0     .128   -1.875     .9968  -1.875    -.134    -.532    5.106E-01    6.365E-02                             -3.699E-02
   -4.0     .088     .138    1.1064    .132     .097    8.383    5.117E-01    1.591E-02                             -3.685E-02
   -2.0     .093    1.170    1.1267   1.166     .133     .966    5.239E-01    4.242E-03                             -3.679E-02
     .0     .117    2.234    1.1234   2.234     .117     .503    5.399E-01   -1.080E-02                             -3.674E-02
    2.0     .160    3.330    1.0835   3.333     .044     .325    5.563E-01   -3.019E-02                             -3.670E-02
    4.0     .226    4.459    1.0026   4.464    -.085     .225    5.713E-01   -5.413E-02                             -3.667E-02
    6.0     .315    5.615     .8670   5.617    -.274     .154    5.321E-01   -9.910E-02                             -3.663E-02
    8.0     .407    6.588     .6062   6.580    -.513     .092    4.405E-01   -1.617E-01                             -3.642E-02
0                                    ALPHA     Q/QINF    EPSLON  D(EPSLON)/D(ALPHA)
0
                                    -16.0      1.000     -4.662         .438
                                    -12.0      1.000     -2.910         .445
                                     -8.0      1.000     -1.103         .455
                                     -4.0      1.000       .727         .474
                                     -2.0      1.000      1.692         .490
                                       .0      1.000      2.688         .494
                                      2.0      1.000      3.669         .485
                                      4.0      1.000      4.628         .466
                                      6.0      1.000      5.532         .434
                                      8.0      1.000      6.364         .416
1                               AUTOMATED STABILITY AND CONTROL METHODS PER APRIL 1976 VERSION OF DATCOM
                                                         DYNAMIC DERIVATIVES
                                        WING-BODY-VERTICAL TAIL-HORIZONTAL TAIL CONFIGURATION
                                                          TOTAL AIRCRAFT
 
 -----------------------  FLIGHT CONDITIONS  ------------------------           --------------  REFERENCE DIMENSIONS  ------------
  MACH    ALTITUDE   VELOCITY    PRESSURE    TEMPERATURE     REYNOLDS             REF.      REFERENCE LENGTH   MOMENT REF. CENTER
 NUMBER                                                       NUMBER              AREA       LONG.     LAT.     HORIZ      VERT
              M        M/SEC      N/ M**2       DEG K         1/ M                M**2         M         M         M         M
0  .250    7000.00      78.07   4.1105E+04     242.700     2.9371E+06            19.588      2.353     9.620     8.360      .000
                                                    DYNAMIC DERIVATIVES (PER DEGREE)
0           -------PITCHING-------    -----ACCELERATION------    --------------ROLLING--------------    --------YAWING--------
0   ALPHA       CLQ          CMQ           CLAD         CMAD         CLP          CYP          CNP          CNR          CLR
0
   -16.00    1.912E-01   -5.405E-01     5.089E-02   -1.864E-01   -4.714E-01   -1.356E-02    7.869E-02   -6.098E-02    1.603E-02
   -12.00                               5.170E-02   -1.894E-01   -4.572E-01   -1.760E-02    5.073E-02   -6.021E-02    2.092E-02
    -8.00                               5.283E-02   -1.936E-01   -4.391E-01   -2.123E-02    2.273E-02   -6.177E-02    2.501E-02
    -4.00                               5.508E-02   -2.018E-01   -4.373E-01   -2.429E-02   -4.738E-03   -6.535E-02    2.820E-02
    -2.00                               5.696E-02   -2.087E-01   -4.495E-01   -2.591E-02   -1.897E-02   -6.784E-02    2.973E-02
      .00                               5.746E-02   -2.105E-01   -4.624E-01   -2.762E-02   -3.353E-02   -7.087E-02    3.126E-02
     2.00                               5.636E-02   -2.065E-01   -4.716E-01   -2.941E-02   -4.844E-02   -7.447E-02    3.278E-02
     4.00                               5.410E-02   -1.982E-01   -4.771E-01   -3.125E-02   -6.365E-02   -7.866E-02    3.426E-02
     6.00                               5.044E-02   -1.848E-01   -4.258E-01   -3.332E-02   -8.147E-02   -8.343E-02    3.569E-02
     8.00                               4.837E-02   -1.772E-01   -3.195E-01   -3.438E-02   -9.755E-02   -8.771E-02    3.619E-02
0*** VEHICLE WEIGHT = ********* N. 
0*** LEVEL FLIGHT LIFT COEFFICIENT =********
1                            AUTOMATED STABILITY AND CONTROL METHODS PER APRIL 1976 VERSION OF DATCOM
                                         CHARACTERISTICS OF HIGH LIFT AND CONTROL DEVICES
                                            TAIL PLAIN TRAILING-EDGE FLAP CONFIGURATION
                                                          TOTAL AIRCRAFT
 -----------------------  FLIGHT CONDITIONS  ------------------------           --------------  REFERENCE DIMENSIONS  ------------
  MACH    ALTITUDE   VELOCITY    PRESSURE    TEMPERATURE     REYNOLDS             REF.      REFERENCE LENGTH   MOMENT REF. CENTER
 NUMBER                                                       NUMBER              AREA       LONG.     LAT.     HORIZ      VERT
              M        M/SEC      N/ M**2       DEG K         1/ M                M**2         M         M         M         M
0  .250    7000.00      78.07   1.7930E+01     786.347     2.7286E+05            19.588      2.353     9.620     8.360      .000
0            ---------INCREMENTS DUE TO DEFLECTION---------              ---DERIVATIVES (PER DEGREE)---
0     DELTA     D(CL)     D(CM)    D(CL MAX)    D(CD MIN)                (CLA)D     (CH)A       (CH)D


      -20.0     -.145        nan      .678       .05697                  NDM      -5.778E-03  -1.361E-02
      -10.0     -.094        nan      .392       .01911                  NDM                  -1.259E-02
       -5.0     -.047        nan      .202       .00955                  NDM                  -1.259E-02
         .0      .000        nan      .000       .00002                  NDM                  -1.259E-02
        7.5      .071        nan      .297       .01433                  NDM                  -1.259E-02
       15.0      .135        nan      .547       .03787                  NDM                  -1.277E-02
       20.0      .145        nan      .678       .05697                  NDM                  -1.361E-02
0  *** NOTE * HINGE MOMENT DERIVATIVES ARE BASED ON TWICE THE AREA-MOMENT OF THE CONTROL ABOUT ITS HINGE LINE

0            --------- INDUCED DRAG COEFFICIENT INCREMENT , D(CDI) , DUE TO DEFLECTION ---------
0       DELTA = -20.0     -10.0      -5.0        .0       7.5      15.0      20.0
   ALPHA
0
   -16.0        1.11E-01  6.24E-02  2.65E-02 -4.34E-05 -2.19E-02 -2.34E-02 -2.21E-02
   -12.0        9.21E-02  4.98E-02  2.02E-02 -3.08E-05 -1.25E-02 -5.28E-03 -2.72E-03
    -8.0        7.32E-02  3.75E-02  1.40E-02 -1.86E-05 -3.29E-03  1.24E-02  1.61E-02
    -4.0        5.46E-02  2.54E-02  7.95E-03 -6.41E-06  5.83E-03  2.98E-02  3.48E-02
    -2.0        4.57E-02  1.96E-02  5.05E-03 -6.12E-07  1.02E-02  3.81E-02  4.37E-02
      .0        3.70E-02  1.39E-02  2.24E-03  5.01E-06  1.44E-02  4.62E-02  5.24E-02
     2.0        2.83E-02  8.24E-03 -6.14E-04  1.07E-05  1.87E-02  5.44E-02  6.11E-02
     4.0        1.93E-02  2.41E-03 -3.53E-03  1.65E-05  2.30E-02  6.28E-02  7.01E-02
     6.0        9.87E-03 -3.73E-03 -6.60E-03  2.27E-05  2.77E-02  7.16E-02  7.95E-02
     8.0       -1.77E-04 -1.03E-02 -9.87E-03  2.92E-05  3.26E-02  8.10E-02  8.96E-02
0***NDM PRINTED WHEN NO DATCOM METHODS EXIST
 WARNING*** BODY ALONE DYNAMIC DERIVATIVE METHOD VALID FOR NOSE CYLINDER ONLY
            TAIL EFFECTS IGNORED]
1                               AUTOMATED STABILITY AND CONTROL METHODS PER APRIL 1976 VERSION OF DATCOM
                                         CHARACTERISTICS AT ANGLE OF ATTACK AND IN SIDESLIP
                                        WING-BODY-VERTICAL TAIL-HORIZONTAL TAIL CONFIGURATION
                                                          TOTAL AIRCRAFT
 
 -----------------------  FLIGHT CONDITIONS  ------------------------           --------------  REFERENCE DIMENSIONS  ------------
  MACH    ALTITUDE   VELOCITY    PRESSURE    TEMPERATURE     REYNOLDS             REF.      REFERENCE LENGTH   MOMENT REF. CENTER
 NUMBER                                                       NUMBER              AREA       LONG.     LAT.     HORIZ      VERT
              M        M/SEC      N/ M**2       DEG K         1/ M                M**2         M         M         M         M
0  .300    7000.00      93.68   4.1105E+04     242.700     3.5245E+06            19.588      2.353     9.620     8.360      .000
0                                                               -------------------DERIVATIVE (PER DEGREE)-------------------
0 ALPHA     CD       CL       CM       CN       CA       XCP        CLA          CMA          CYB          CNB          CLB
0
  -16.0     .399   -5.989    -.0459  -5.867   -1.267     .008    4.886E-01    3.963E-01   -6.532E-02    2.013E-02   -3.789E-02
  -12.0     .232   -3.939     .6136  -3.901    -.592    -.157    5.134E-01    1.312E-01                             -3.738E-02
   -8.0     .128   -1.881    1.0036  -1.881    -.135    -.534    5.097E-01    6.229E-02                             -3.709E-02
   -4.0     .087     .139    1.1119    .132     .097    8.400    5.122E-01    1.464E-02                             -3.694E-02
   -2.0     .092    1.170    1.1288   1.166     .133     .968    5.224E-01    1.753E-03                             -3.688E-02
     .0     .116    2.228    1.1190   2.228     .116     .502    5.358E-01   -1.488E-02                             -3.682E-02
    2.0     .159    3.313    1.0693   3.317     .043     .322    5.496E-01   -3.663E-02                             -3.677E-02
    4.0     .223    4.427     .9724   4.432    -.087     .219    5.439E-01   -7.054E-02                             -3.672E-02
    6.0     .303    5.489     .7871   5.490    -.272     .143    4.860E-01   -1.229E-01                             -3.660E-02
    8.0     .386    6.371     .4807   6.363    -.505     .076    3.962E-01   -1.834E-01                             -3.631E-02
0                                    ALPHA     Q/QINF    EPSLON  D(EPSLON)/D(ALPHA)
0
                                    -16.0      1.000     -4.637         .433
                                    -12.0      1.000     -2.904         .442
                                     -8.0      1.000     -1.104         .454
                                     -4.0      1.000       .729         .474
                                     -2.0      1.000      1.692         .489
                                       .0      1.000      2.684         .491
                                      2.0      1.000      3.658         .478
                                      4.0      1.000      4.596         .449
                                      6.0      1.000      5.455         .410
                                      8.0      1.000      6.236         .391
1                               AUTOMATED STABILITY AND CONTROL METHODS PER APRIL 1976 VERSION OF DATCOM
                                                         DYNAMIC DERIVATIVES
                                        WING-BODY-VERTICAL TAIL-HORIZONTAL TAIL CONFIGURATION
                                                          TOTAL AIRCRAFT
 
 -----------------------  FLIGHT CONDITIONS  ------------------------           --------------  REFERENCE DIMENSIONS  ------------
  MACH    ALTITUDE   VELOCITY    PRESSURE    TEMPERATURE     REYNOLDS             REF.      REFERENCE LENGTH   MOMENT REF. CENTER
 NUMBER                                                       NUMBER              AREA       LONG.     LAT.     HORIZ      VERT
              M        M/SEC      N/ M**2       DEG K         1/ M                M**2         M         M         M         M
0  .300    7000.00      93.68   4.1105E+04     242.700     3.5245E+06            19.588      2.353     9.620     8.360      .000
                                                    DYNAMIC DERIVATIVES (PER DEGREE)
0           -------PITCHING-------    -----ACCELERATION------    --------------ROLLING--------------    --------YAWING--------
0   ALPHA       CLQ          CMQ           CLAD         CMAD         CLP          CYP          CNP          CNR          CLR
0
   -16.00    1.893E-01   -5.288E-01     4.880E-02   -1.788E-01   -4.607E-01   -1.398E-02    7.821E-02   -6.098E-02    1.612E-02
   -12.00                               4.974E-02   -1.822E-01   -4.518E-01   -1.782E-02    5.063E-02   -6.038E-02    2.095E-02
    -8.00                               5.115E-02   -1.874E-01   -4.386E-01   -2.136E-02    2.276E-02   -6.198E-02    2.506E-02
    -4.00                               5.335E-02   -1.954E-01   -4.378E-01   -2.441E-02   -4.724E-03   -6.557E-02    2.835E-02
    -2.00                               5.505E-02   -2.017E-01   -4.479E-01   -2.600E-02   -1.892E-02   -6.807E-02    2.991E-02
      .00                               5.535E-02   -2.028E-01   -4.580E-01   -2.767E-02   -3.341E-02   -7.109E-02    3.145E-02
     2.00                               5.383E-02   -1.972E-01   -4.645E-01   -2.939E-02   -4.821E-02   -7.465E-02    3.296E-02
     4.00                               5.061E-02   -1.854E-01   -4.476E-01   -3.120E-02   -6.400E-02   -7.877E-02    3.440E-02
     6.00                               4.619E-02   -1.692E-01   -3.782E-01   -3.284E-02   -8.107E-02   -8.310E-02    3.546E-02
     8.00                               4.401E-02   -1.612E-01   -2.780E-01   -3.347E-02   -9.568E-02   -8.688E-02    3.564E-02
0*** VEHICLE WEIGHT = ********* N. 
0*** LEVEL FLIGHT LIFT COEFFICIENT =********
1                            AUTOMATED STABILITY AND CONTROL METHODS PER APRIL 1976 VERSION OF DATCOM
                                         CHARACTERISTICS OF HIGH LIFT AND CONTROL DEVICES
                                            TAIL PLAIN TRAILING-EDGE FLAP CONFIGURATION
                                                          TOTAL AIRCRAFT
 -----------------------  FLIGHT CONDITIONS  ------------------------           --------------  REFERENCE DIMENSIONS  ------------
  MACH    ALTITUDE   VELOCITY    PRESSURE    TEMPERATURE     REYNOLDS             REF.      REFERENCE LENGTH   MOMENT REF. CENTER
 NUMBER                                                       NUMBER              AREA       LONG.     LAT.     HORIZ      VERT
              M        M/SEC      N/ M**2       DEG K         1/ M                M**2         M         M         M         M
0  .300    7000.00      93.68   1.7930E+01     786.347     3.2744E+05            19.588      2.353     9.620     8.360      .000
0            ---------INCREMENTS DUE TO DEFLECTION---------              ---DERIVATIVES (PER DEGREE)---
0     DELTA     D(CL)     D(CM)    D(CL MAX)    D(CD MIN)                (CLA)D     (CH)A       (CH)D


      -20.0     -.140        nan      .678       .05696                  NDM      -5.881E-03  -1.380E-02
      -10.0     -.091        nan      .392       .01911                  NDM                  -1.277E-02
       -5.0     -.045        nan      .202       .00955                  NDM                  -1.277E-02
         .0      .000        nan      .000       .00002                  NDM                  -1.277E-02
        7.5      .068        nan      .297       .01433                  NDM                  -1.277E-02
       15.0      .131        nan      .547       .03787                  NDM                  -1.296E-02
       20.0      .140        nan      .678       .05696                  NDM                  -1.380E-02
0  *** NOTE * HINGE MOMENT DERIVATIVES ARE BASED ON TWICE THE AREA-MOMENT OF THE CONTROL ABOUT ITS HINGE LINE

0            --------- INDUCED DRAG COEFFICIENT INCREMENT , D(CDI) , DUE TO DEFLECTION ---------
0       DELTA = -20.0     -10.0      -5.0        .0       7.5      15.0      20.0
   ALPHA
0
   -16.0        1.13E-01  6.31E-02  2.68E-02 -4.40E-05 -2.23E-02 -2.40E-02 -2.27E-02
   -12.0        9.29E-02  5.03E-02  2.04E-02 -3.12E-05 -1.27E-02 -5.56E-03 -3.01E-03
    -8.0        7.38E-02  3.78E-02  1.42E-02 -1.88E-05 -3.37E-03  1.23E-02  1.61E-02
    -4.0        5.50E-02  2.56E-02  8.02E-03 -6.49E-06  5.83E-03  2.99E-02  3.50E-02
    -2.0        4.60E-02  1.97E-02  5.08E-03 -6.20E-07  1.02E-02  3.84E-02  4.40E-02
      .0        3.72E-02  1.40E-02  2.23E-03  5.08E-06  1.45E-02  4.65E-02  5.28E-02
     2.0        2.83E-02  8.18E-03 -6.74E-04  1.09E-05  1.89E-02  5.49E-02  6.17E-02
     4.0        1.90E-02  2.17E-03 -3.68E-03  1.69E-05  2.34E-02  6.35E-02  7.09E-02
     6.0        9.11E-03 -4.29E-03 -6.91E-03  2.34E-05  2.82E-02  7.28E-02  8.08E-02
     8.0       -1.49E-03 -1.12E-02 -1.04E-02  3.03E-05  3.34E-02  8.27E-02  9.14E-02
0***NDM PRINTED WHEN NO DATCOM METHODS EXIST
 WARNING*** BODY ALONE DYNAMIC DERIVATIVE METHOD VALID FOR NOSE CYLINDER ONLY
            TAIL EFFECTS IGNORED]
1                               AUTOMATED STABILITY AND CONTROL METHODS PER APRIL 1976 VERSION OF DATCOM
                                         CHARACTERISTICS AT ANGLE OF ATTACK AND IN SIDESLIP
                                        WING-BODY-VERTICAL TAIL-HORIZONTAL TAIL CONFIGURATION
                                                          TOTAL AIRCRAFT
 
 -----------------------  FLIGHT CONDITIONS  ------------------------           --------------  REFERENCE DIMENSIONS  ------------
  MACH    ALTITUDE   VELOCITY    PRESSURE    TEMPERATURE     REYNOLDS             REF.      REFERENCE LENGTH   MOMENT REF. CENTER
 NUMBER                                                       NUMBER              AREA       LONG.     LAT.     HORIZ      VERT
              M        M/SEC      N/ M**2       DEG K         1/ M                M**2         M         M         M         M
0  .350    7000.00     109.29   4.1105E+04     242.700     4.1119E+06            19.588      2.353     9.620     8.360      .000
0                                                               -------------------DERIVATIVE (PER DEGREE)-------------------
0 ALPHA     CD       CL       CM       CN       CA       XCP        CLA          CMA          CYB          CNB          CLB
0
  -16.0     .392   -5.896     .0163  -5.776   -1.248    -.003    4.572E-01    3.788E-01   -6.554E-02    2.000E-02   -3.813E-02
  -12.0     .231   -3.931     .6268  -3.893    -.591    -.161    5.009E-01    1.239E-01                             -3.753E-02
   -8.0     .128   -1.889    1.0072  -1.888    -.137    -.533    5.088E-01    6.105E-02                             -3.721E-02
   -4.0     .087     .140    1.1152    .133     .096    8.366    5.131E-01    1.350E-02                             -3.706E-02
   -2.0     .091    1.172    1.1287   1.168     .132     .966    5.213E-01   -7.529E-04                             -3.699E-02
     .0     .115    2.225    1.1122   2.225     .115     .500    5.317E-01   -1.918E-02                             -3.693E-02
    2.0     .157    3.299    1.0520   3.302     .042     .319    5.429E-01   -4.366E-02                             -3.686E-02
    4.0     .220    4.396     .9376   4.401    -.087     .213    5.127E-01   -8.912E-02                             -3.679E-02
    6.0     .290    5.349     .6955   5.350    -.270     .130    4.366E-01   -1.483E-01                             -3.658E-02
    8.0     .364    6.143     .3444   6.134    -.494     .056    3.567E-01   -2.028E-01                             -3.620E-02
0                                    ALPHA     Q/QINF    EPSLON  D(EPSLON)/D(ALPHA)
0
                                    -16.0      1.000     -4.585         .421
                                    -12.0      1.000     -2.899         .435
                                     -8.0      1.000     -1.105         .454
                                     -4.0      1.000       .732         .474
                                     -2.0      1.000      1.693         .488
                                       .0      1.000      2.682         .488
                                      2.0      1.000      3.647         .470
                                      4.0      1.000      4.563         .431
                                      6.0      1.000      5.372         .385
                                      8.0      1.000      6.102         .365
1                               AUTOMATED STABILITY AND CONTROL METHODS PER APRIL 1976 VERSION OF DATCOM
                                                         DYNAMIC DERIVATIVES
                                        WING-BODY-VERTICAL TAIL-HORIZONTAL TAIL CONFIGURATION
                                                          TOTAL AIRCRAFT
 
 -----------------------  FLIGHT CONDITIONS  ------------------------           --------------  REFERENCE DIMENSIONS  ------------
  MACH    ALTITUDE   VELOCITY    PRESSURE    TEMPERATURE     REYNOLDS             REF.      REFERENCE LENGTH   MOMENT REF. CENTER
 NUMBER                                                       NUMBER              AREA       LONG.     LAT.     HORIZ      VERT
              M        M/SEC      N/ M**2       DEG K         1/ M                M**2         M         M         M         M
0  .350    7000.00     109.29   4.1105E+04     242.700     4.1119E+06            19.588      2.353     9.620     8.360      .000
                                                    DYNAMIC DERIVATIVES (PER DEGREE)
0           -------PITCHING-------    -----ACCELERATION------    --------------ROLLING--------------    --------YAWING--------
0   ALPHA       CLQ          CMQ           CLAD         CMAD         CLP          CYP          CNP          CNR          CLR
0
   -16.00    1.815E-01   -4.943E-01     4.329E-02   -1.586E-01   -4.309E-01   -1.461E-02    7.751E-02   -6.086E-02    1.638E-02
   -12.00                               4.468E-02   -1.637E-01   -4.399E-01   -1.805E-02    5.069E-02   -6.060E-02    2.097E-02
    -8.00                               4.663E-02   -1.708E-01   -4.381E-01   -2.150E-02    2.281E-02   -6.225E-02    2.513E-02
    -4.00                               4.864E-02   -1.782E-01   -4.383E-01   -2.454E-02   -4.709E-03   -6.586E-02    2.853E-02
    -2.00                               5.009E-02   -1.835E-01   -4.460E-01   -2.611E-02   -1.887E-02   -6.837E-02    3.014E-02
      .00                               5.018E-02   -1.838E-01   -4.531E-01   -2.772E-02   -3.329E-02   -7.138E-02    3.170E-02
     2.00                               4.830E-02   -1.769E-01   -4.566E-01   -2.936E-02   -4.797E-02   -7.492E-02    3.320E-02
     4.00                               4.430E-02   -1.623E-01   -4.134E-01   -3.115E-02   -6.440E-02   -7.896E-02    3.462E-02
     6.00                               3.953E-02   -1.448E-01   -3.270E-01   -3.228E-02   -8.036E-02   -8.279E-02    3.523E-02
     8.00                               3.751E-02   -1.374E-01   -2.425E-01   -3.246E-02   -9.327E-02   -8.611E-02    3.509E-02
0*** VEHICLE WEIGHT = ********* N. 
0*** LEVEL FLIGHT LIFT COEFFICIENT =********
1                            AUTOMATED STABILITY AND CONTROL METHODS PER APRIL 1976 VERSION OF DATCOM
                                         CHARACTERISTICS OF HIGH LIFT AND CONTROL DEVICES
                                            TAIL PLAIN TRAILING-EDGE FLAP CONFIGURATION
                                                          TOTAL AIRCRAFT
 -----------------------  FLIGHT CONDITIONS  ------------------------           --------------  REFERENCE DIMENSIONS  ------------
  MACH    ALTITUDE   VELOCITY    PRESSURE    TEMPERATURE     REYNOLDS             REF.      REFERENCE LENGTH   MOMENT REF. CENTER
 NUMBER                                                       NUMBER              AREA       LONG.     LAT.     HORIZ      VERT
              M        M/SEC      N/ M**2       DEG K         1/ M                M**2         M         M         M         M
0  .350    7000.00     109.29   1.7930E+01     786.347     3.8201E+05            19.588      2.353     9.620     8.360      .000
0            ---------INCREMENTS DUE TO DEFLECTION---------              ---DERIVATIVES (PER DEGREE)---
0     DELTA     D(CL)     D(CM)    D(CL MAX)    D(CD MIN)                (CLA)D     (CH)A       (CH)D


      -20.0     -.126        nan      .678       .05695                  NDM      -5.998E-03  -1.408E-02
      -10.0     -.082        nan      .392       .01910                  NDM                  -1.304E-02
       -5.0     -.041        nan      .202       .00955                  NDM                  -1.304E-02
         .0      .000        nan      .000       .00002                  NDM                  -1.304E-02
        7.5      .061        nan      .297       .01432                  NDM                  -1.304E-02
       15.0      .118        nan      .547       .03786                  NDM                  -1.324E-02
       20.0      .126        nan      .678       .05695                  NDM                  -1.408E-02
0  *** NOTE * HINGE MOMENT DERIVATIVES ARE BASED ON TWICE THE AREA-MOMENT OF THE CONTROL ABOUT ITS HINGE LINE

0            --------- INDUCED DRAG COEFFICIENT INCREMENT , D(CDI) , DUE TO DEFLECTION ---------
0       DELTA = -20.0     -10.0      -5.0        .0       7.5      15.0      20.0
   ALPHA
0
   -16.0        1.13E-01  6.35E-02  2.70E-02 -4.46E-05 -2.28E-02 -2.50E-02 -2.39E-02
   -12.0        9.30E-02  5.04E-02  2.04E-02 -3.14E-05 -1.29E-02 -6.11E-03 -3.62E-03
    -8.0        7.37E-02  3.78E-02  1.42E-02 -1.89E-05 -3.51E-03  1.19E-02  1.57E-02
    -4.0        5.48E-02  2.55E-02  8.01E-03 -6.54E-06  5.72E-03  2.96E-02  3.46E-02
    -2.0        4.57E-02  1.96E-02  5.06E-03 -6.30E-07  1.02E-02  3.81E-02  4.37E-02
      .0        3.68E-02  1.38E-02  2.18E-03  5.12E-06  1.45E-02  4.63E-02  5.25E-02
     2.0        2.78E-02  7.93E-03 -7.67E-04  1.10E-05  1.89E-02  5.48E-02  6.16E-02
     4.0        1.83E-02  1.76E-03 -3.85E-03  1.72E-05  2.35E-02  6.37E-02  7.11E-02
     6.0        7.88E-03 -5.02E-03 -7.24E-03  2.40E-05  2.86E-02  7.34E-02  8.15E-02
     8.0       -3.23E-03 -1.23E-02 -1.09E-02  3.12E-05  3.40E-02  8.38E-02  9.26E-02
0***NDM PRINTED WHEN NO DATCOM METHODS EXIST
 WARNING*** BODY ALONE DYNAMIC DERIVATIVE METHOD VALID FOR NOSE CYLINDER ONLY
            TAIL EFFECTS IGNORED]
1                               AUTOMATED STABILITY AND CONTROL METHODS PER APRIL 1976 VERSION OF DATCOM
                                         CHARACTERISTICS AT ANGLE OF ATTACK AND IN SIDESLIP
                                        WING-BODY-VERTICAL TAIL-HORIZONTAL TAIL CONFIGURATION
                                                          TOTAL AIRCRAFT
 
 -----------------------  FLIGHT CONDITIONS  ------------------------           --------------  REFERENCE DIMENSIONS  ------------
  MACH    ALTITUDE   VELOCITY    PRESSURE    TEMPERATURE     REYNOLDS             REF.      REFERENCE LENGTH   MOMENT REF. CENTER
 NUMBER                                                       NUMBER              AREA       LONG.     LAT.     HORIZ      VERT
              M        M/SEC      N/ M**2       DEG K         1/ M                M**2         M         M         M         M
0  .100    7500.00      31.02   3.8299E+04     239.457     1.1142E+06            19.588      2.353     9.620     8.360      .000
0                                                               -------------------DERIVATIVE (PER DEGREE)-------------------
0 ALPHA     CD       CL       CM       CN       CA       XCP        CLA          CMA          CYB          CNB          CLB
0
  -16.0     .423   -6.039    -.1113  -5.921   -1.258     .019    5.085E-01    4.091E-01   -6.480E-02    2.203E-02   -3.749E-02
  -12.0     .251   -3.932     .5823  -3.898    -.572    -.149    5.224E-01    1.374E-01                             -3.706E-02
   -8.0     .146   -1.860     .9879  -1.862    -.114    -.531    5.086E-01    6.434E-02                             -3.682E-02
   -4.0     .107     .137    1.0970    .129     .116    8.487    5.084E-01    1.676E-02                             -3.668E-02
   -2.0     .111    1.163    1.1200   1.159     .152     .967    5.223E-01    6.354E-03                             -3.662E-02
     .0     .135    2.226    1.1224   2.226     .135     .504    5.409E-01   -7.047E-03                             -3.657E-02
    2.0     .179    3.327    1.0918   3.331     .063     .328    5.598E-01   -2.487E-02                             -3.654E-02
    4.0     .246    4.466    1.0229   4.472    -.066     .229    5.770E-01   -4.642E-02                             -3.652E-02
    6.0     .336    5.635     .9061   5.639    -.255     .161    5.698E-01   -7.572E-02                             -3.651E-02
    8.0     .443    6.745     .7200   6.741    -.500     .107    5.401E-01   -1.104E-01                             -3.642E-02
0                                    ALPHA     Q/QINF    EPSLON  D(EPSLON)/D(ALPHA)
0
                                    -16.0      1.000     -4.670         .441
                                    -12.0      1.000     -2.906         .447
                                     -8.0      1.000     -1.098         .454
                                     -4.0      1.000       .723         .473
                                     -2.0      1.000      1.686         .490
                                       .0      1.000      2.682         .496
                                      2.0      1.000      3.668         .488
                                      4.0      1.000      4.633         .473
                                      6.0      1.000      5.559         .457
                                      8.0      1.000      6.461         .451
1                               AUTOMATED STABILITY AND CONTROL METHODS PER APRIL 1976 VERSION OF DATCOM
                                                         DYNAMIC DERIVATIVES
                                        WING-BODY-VERTICAL TAIL-HORIZONTAL TAIL CONFIGURATION
                                                          TOTAL AIRCRAFT
 
 -----------------------  FLIGHT CONDITIONS  ------------------------           --------------  REFERENCE DIMENSIONS  ------------
  MACH    ALTITUDE   VELOCITY    PRESSURE    TEMPERATURE     REYNOLDS             REF.      REFERENCE LENGTH   MOMENT REF. CENTER
 NUMBER                                                       NUMBER              AREA       LONG.     LAT.     HORIZ      VERT
              M        M/SEC      N/ M**2       DEG K         1/ M                M**2         M         M         M         M
0  .100    7500.00      31.02   3.8299E+04     239.457     1.1142E+06            19.588      2.353     9.620     8.360      .000
                                                    DYNAMIC DERIVATIVES (PER DEGREE)
0           -------PITCHING-------    -----ACCELERATION------    --------------ROLLING--------------    --------YAWING--------
0   ALPHA       CLQ          CMQ           CLAD         CMAD         CLP          CYP          CNP          CNR          CLR
0
   -16.00    1.898E-01   -5.433E-01     5.194E-02   -1.903E-01   -4.765E-01   -1.298E-02    7.910E-02   -6.102E-02    1.612E-02
   -12.00                               5.259E-02   -1.927E-01   -4.574E-01   -1.719E-02    5.079E-02   -6.014E-02    2.095E-02
    -8.00                               5.343E-02   -1.957E-01   -4.347E-01   -2.090E-02    2.266E-02   -6.167E-02    2.491E-02
    -4.00                               5.568E-02   -2.040E-01   -4.320E-01   -2.397E-02   -4.766E-03   -6.522E-02    2.792E-02
    -2.00                               5.769E-02   -2.114E-01   -4.460E-01   -2.561E-02   -1.902E-02   -6.769E-02    2.937E-02
      .00                               5.837E-02   -2.138E-01   -4.615E-01   -2.737E-02   -3.365E-02   -7.070E-02    3.085E-02
     2.00                               5.746E-02   -2.105E-01   -4.732E-01   -2.922E-02   -4.865E-02   -7.431E-02    3.233E-02
     4.00                               5.568E-02   -2.040E-01   -4.812E-01   -3.114E-02   -6.399E-02   -7.853E-02    3.379E-02
     6.00                               5.383E-02   -1.972E-01   -4.647E-01   -3.319E-02   -8.060E-02   -8.338E-02    3.521E-02
     8.00                               5.315E-02   -1.947E-01   -4.258E-01   -3.486E-02   -9.671E-02   -8.841E-02    3.625E-02
0*** VEHICLE WEIGHT = ********* N. 
0*** LEVEL FLIGHT LIFT COEFFICIENT =********
1                            AUTOMATED STABILITY AND CONTROL METHODS PER APRIL 1976 VERSION OF DATCOM
                                         CHARACTERISTICS OF HIGH LIFT AND CONTROL DEVICES
                                            TAIL PLAIN TRAILING-EDGE FLAP CONFIGURATION
                                                          TOTAL AIRCRAFT
 -----------------------  FLIGHT CONDITIONS  ------------------------           --------------  REFERENCE DIMENSIONS  ------------
  MACH    ALTITUDE   VELOCITY    PRESSURE    TEMPERATURE     REYNOLDS             REF.      REFERENCE LENGTH   MOMENT REF. CENTER
 NUMBER                                                       NUMBER              AREA       LONG.     LAT.     HORIZ      VERT
              M        M/SEC      N/ M**2       DEG K         1/ M                M**2         M         M         M         M
0  .100    7500.00      31.02   1.6706E+01     775.841     1.0351E+05            19.588      2.353     9.620     8.360      .000
0            ---------INCREMENTS DUE TO DEFLECTION---------              ---DERIVATIVES (PER DEGREE)---
0     DELTA     D(CL)     D(CM)    D(CL MAX)    D(CD MIN)                (CLA)D     (CH)A       (CH)D


      -20.0     -.143        nan      .678       .05696                  NDM      -5.544E-03  -1.350E-02
      -10.0     -.093        nan      .392       .01911                  NDM                  -1.254E-02
       -5.0     -.046        nan      .202       .00955                  NDM                  -1.254E-02
         .0      .000        nan      .000       .00002                  NDM                  -1.254E-02
        7.5      .070        nan      .297       .01433                  NDM                  -1.254E-02
       15.0      .133        nan      .547       .03787                  NDM                  -1.271E-02
       20.0      .143        nan      .678       .05696                  NDM                  -1.350E-02
0  *** NOTE * HINGE MOMENT DERIVATIVES ARE BASED ON TWICE THE AREA-MOMENT OF THE CONTROL ABOUT ITS HINGE LINE

0            --------- INDUCED DRAG COEFFICIENT INCREMENT , D(CDI) , DUE TO DEFLECTION ---------
0       DELTA = -20.0     -10.0      -5.0        .0       7.5      15.0      20.0
   ALPHA
0
   -16.0        1.04E-01  5.86E-02  2.49E-02 -4.11E-05 -2.10E-02 -2.30E-02 -2.19E-02
   -12.0        8.62E-02  4.67E-02  1.90E-02 -2.92E-05 -1.21E-02 -5.99E-03 -3.71E-03
    -8.0        6.83E-02  3.51E-02  1.32E-02 -1.76E-05 -3.40E-03  1.07E-02  1.42E-02
    -4.0        5.06E-02  2.35E-02  7.40E-03 -6.05E-06  5.28E-03  2.73E-02  3.19E-02
    -2.0        4.21E-02  1.80E-02  4.65E-03 -5.49E-07  9.41E-03  3.52E-02  4.04E-02
      .0        3.39E-02  1.27E-02  1.99E-03  4.78E-06  1.34E-02  4.29E-02  4.86E-02
     2.0        2.57E-02  7.33E-03 -7.02E-04  1.02E-05  1.74E-02  5.06E-02  5.68E-02
     4.0        1.72E-02  1.84E-03 -3.45E-03  1.57E-05  2.16E-02  5.85E-02  6.53E-02
     6.0        8.47E-03 -3.86E-03 -6.30E-03  2.14E-05  2.58E-02  6.67E-02  7.40E-02
     8.0       -4.78E-04 -9.68E-03 -9.21E-03  2.72E-05  3.02E-02  7.50E-02  8.30E-02
0***NDM PRINTED WHEN NO DATCOM METHODS EXIST
 WARNING*** BODY ALONE DYNAMIC DERIVATIVE METHOD VALID FOR NOSE CYLINDER ONLY
            TAIL EFFECTS IGNORED]
1                               AUTOMATED STABILITY AND CONTROL METHODS PER APRIL 1976 VERSION OF DATCOM
                                         CHARACTERISTICS AT ANGLE OF ATTACK AND IN SIDESLIP
                                        WING-BODY-VERTICAL TAIL-HORIZONTAL TAIL CONFIGURATION
                                                          TOTAL AIRCRAFT
 
 -----------------------  FLIGHT CONDITIONS  ------------------------           --------------  REFERENCE DIMENSIONS  ------------
  MACH    ALTITUDE   VELOCITY    PRESSURE    TEMPERATURE     REYNOLDS             REF.      REFERENCE LENGTH   MOMENT REF. CENTER
 NUMBER                                                       NUMBER              AREA       LONG.     LAT.     HORIZ      VERT
              M        M/SEC      N/ M**2       DEG K         1/ M                M**2         M         M         M         M
0  .200    7500.00      62.04   3.8299E+04     239.457     2.2283E+06            19.588      2.353     9.620     8.360      .000
0                                                               -------------------DERIVATIVE (PER DEGREE)-------------------
0 ALPHA     CD       CL       CM       CN       CA       XCP        CLA          CMA          CYB          CNB          CLB
0
  -16.0     .410   -6.069    -.1158  -5.947   -1.279     .019    5.104E-01    4.102E-01   -6.499E-02    2.079E-02   -3.759E-02
  -12.0     .237   -3.954     .5819  -3.917    -.590    -.149    5.248E-01    1.382E-01                             -3.716E-02
   -8.0     .132   -1.871     .9901  -1.871    -.130    -.529    5.116E-01    6.490E-02                             -3.692E-02
   -4.0     .092     .138    1.1011    .132     .101    8.360    5.115E-01    1.709E-02                             -3.677E-02
   -2.0     .096    1.171    1.1246   1.167     .137     .964    5.253E-01    6.442E-03                             -3.671E-02
     .0     .121    2.240    1.1269   2.240     .121     .503    5.437E-01   -7.262E-03                             -3.667E-02
    2.0     .165    3.346    1.0956   3.349     .048     .327    5.624E-01   -2.539E-02                             -3.664E-02
    4.0     .232    4.489    1.0253   4.495    -.081     .228    5.794E-01   -4.732E-02                             -3.663E-02
    6.0     .323    5.663     .9063   5.666    -.271     .160    5.697E-01   -7.797E-02                             -3.662E-02
    8.0     .430    6.768     .7134   6.762    -.516     .106    5.352E-01   -1.149E-01                             -3.652E-02
0                                    ALPHA     Q/QINF    EPSLON  D(EPSLON)/D(ALPHA)
0
                                    -16.0      1.000     -4.685         .442
                                    -12.0      1.000     -2.917         .448
                                     -8.0      1.000     -1.102         .455
                                     -4.0      1.000       .726         .474
                                     -2.0      1.000      1.692         .492
                                       .0      1.000      2.692         .497
                                      2.0      1.000      3.681         .489
                                      4.0      1.000      4.649         .474
                                      6.0      1.000      5.575         .457
                                      8.0      1.000      6.475         .450
1                               AUTOMATED STABILITY AND CONTROL METHODS PER APRIL 1976 VERSION OF DATCOM
                                                         DYNAMIC DERIVATIVES
                                        WING-BODY-VERTICAL TAIL-HORIZONTAL TAIL CONFIGURATION
                                                          TOTAL AIRCRAFT
 
 -----------------------  FLIGHT CONDITIONS  ------------------------           --------------  REFERENCE DIMENSIONS  ------------
  MACH    ALTITUDE   VELOCITY    PRESSURE    TEMPERATURE     REYNOLDS             REF.      REFERENCE LENGTH   MOMENT REF. CENTER
 NUMBER                                                       NUMBER              AREA       LONG.     LAT.     HORIZ      VERT
              M        M/SEC      N/ M**2       DEG K         1/ M                M**2         M         M         M         M
0  .200    7500.00      62.04   3.8299E+04     239.457     2.2283E+06            19.588      2.353     9.620     8.360      .000
                                                    DYNAMIC DERIVATIVES (PER DEGREE)
0           -------PITCHING-------    -----ACCELERATION------    --------------ROLLING--------------    --------YAWING--------
0   ALPHA       CLQ          CMQ           CLAD         CMAD         CLP          CYP          CNP          CNR          CLR
0
   -16.00    1.905E-01   -5.398E-01     5.166E-02   -1.892E-01   -4.793E-01   -1.317E-02    7.914E-02   -6.106E-02    1.594E-02
   -12.00                               5.233E-02   -1.917E-01   -4.607E-01   -1.737E-02    5.084E-02   -6.015E-02    2.088E-02
    -8.00                               5.319E-02   -1.949E-01   -4.383E-01   -2.108E-02    2.270E-02   -6.167E-02    2.496E-02
    -4.00                               5.544E-02   -2.031E-01   -4.358E-01   -2.415E-02   -4.754E-03   -6.523E-02    2.808E-02
    -2.00                               5.743E-02   -2.104E-01   -4.497E-01   -2.579E-02   -1.902E-02   -6.772E-02    2.959E-02
      .00                               5.809E-02   -2.128E-01   -4.649E-01   -2.755E-02   -3.365E-02   -7.075E-02    3.112E-02
     2.00                               5.716E-02   -2.094E-01   -4.765E-01   -2.940E-02   -4.865E-02   -7.438E-02    3.265E-02
     4.00                               5.535E-02   -2.028E-01   -4.842E-01   -3.132E-02   -6.399E-02   -7.864E-02    3.417E-02
     6.00                               5.336E-02   -1.955E-01   -4.650E-01   -3.337E-02   -8.070E-02   -8.352E-02    3.564E-02
     8.00                               5.258E-02   -1.926E-01   -4.208E-01   -3.499E-02   -9.684E-02   -8.854E-02    3.669E-02
0*** VEHICLE WEIGHT = ********* N. 
0*** LEVEL FLIGHT LIFT COEFFICIENT =********
1                            AUTOMATED STABILITY AND CONTROL METHODS PER APRIL 1976 VERSION OF DATCOM
                                         CHARACTERISTICS OF HIGH LIFT AND CONTROL DEVICES
                                            TAIL PLAIN TRAILING-EDGE FLAP CONFIGURATION
                                                          TOTAL AIRCRAFT
 -----------------------  FLIGHT CONDITIONS  ------------------------           --------------  REFERENCE DIMENSIONS  ------------
  MACH    ALTITUDE   VELOCITY    PRESSURE    TEMPERATURE     REYNOLDS             REF.      REFERENCE LENGTH   MOMENT REF. CENTER
 NUMBER                                                       NUMBER              AREA       LONG.     LAT.     HORIZ      VERT
              M        M/SEC      N/ M**2       DEG K         1/ M                M**2         M         M         M         M
0  .200    7500.00      62.04   1.6706E+01     775.841     2.0702E+05            19.588      2.353     9.620     8.360      .000
0            ---------INCREMENTS DUE TO DEFLECTION---------              ---DERIVATIVES (PER DEGREE)---
0     DELTA     D(CL)     D(CM)    D(CL MAX)    D(CD MIN)                (CLA)D     (CH)A       (CH)D


      -20.0     -.145        nan      .678       .05697                  NDM      -5.688E-03  -1.350E-02
      -10.0     -.094        nan      .392       .01911                  NDM                  -1.250E-02
       -5.0     -.047        nan      .202       .00955                  NDM                  -1.250E-02
         .0      .000        nan      .000       .00002                  NDM                  -1.250E-02
        7.5      .071        nan      .297       .01433                  NDM                  -1.250E-02
       15.0      .136        nan      .547       .03787                  NDM                  -1.268E-02
       20.0      .145        nan      .678       .05697                  NDM                  -1.350E-02
0  *** NOTE * HINGE MOMENT DERIVATIVES ARE BASED ON TWICE THE AREA-MOMENT OF THE CONTROL ABOUT ITS HINGE LINE

0            --------- INDUCED DRAG COEFFICIENT INCREMENT , D(CDI) , DUE TO DEFLECTION ---------
0       DELTA = -20.0     -10.0      -5.0        .0       7.5      15.0      20.0
   ALPHA
0
   -16.0        1.09E-01  6.13E-02  2.60E-02 -4.27E-05 -2.16E-02 -2.29E-02 -2.17E-02
   -12.0        9.06E-02  4.90E-02  1.98E-02 -3.04E-05 -1.23E-02 -5.27E-03 -2.77E-03
    -8.0        7.20E-02  3.69E-02  1.38E-02 -1.83E-05 -3.27E-03  1.20E-02  1.58E-02
    -4.0        5.36E-02  2.49E-02  7.81E-03 -6.31E-06  5.72E-03  2.93E-02  3.42E-02
    -2.0        4.49E-02  1.92E-02  4.96E-03 -6.05E-07  9.99E-03  3.74E-02  4.29E-02
      .0        3.64E-02  1.37E-02  2.20E-03  4.91E-06  1.41E-02  4.54E-02  5.14E-02
     2.0        2.78E-02  8.12E-03 -5.88E-04  1.05E-05  1.83E-02  5.34E-02  6.00E-02
     4.0        1.91E-02  2.43E-03 -3.44E-03  1.62E-05  2.26E-02  6.16E-02  6.87E-02
     6.0        9.96E-03 -3.49E-03 -6.40E-03  2.21E-05  2.70E-02  7.01E-02  7.78E-02
     8.0        6.31E-04 -9.56E-03 -9.43E-03  2.82E-05  3.16E-02  7.88E-02  8.72E-02
0***NDM PRINTED WHEN NO DATCOM METHODS EXIST
 WARNING*** BODY ALONE DYNAMIC DERIVATIVE METHOD VALID FOR NOSE CYLINDER ONLY
            TAIL EFFECTS IGNORED]
1                               AUTOMATED STABILITY AND CONTROL METHODS PER APRIL 1976 VERSION OF DATCOM
                                         CHARACTERISTICS AT ANGLE OF ATTACK AND IN SIDESLIP
                                        WING-BODY-VERTICAL TAIL-HORIZONTAL TAIL CONFIGURATION
                                                          TOTAL AIRCRAFT
 
 -----------------------  FLIGHT CONDITIONS  ------------------------           --------------  REFERENCE DIMENSIONS  ------------
  MACH    ALTITUDE   VELOCITY    PRESSURE    TEMPERATURE     REYNOLDS             REF.      REFERENCE LENGTH   MOMENT REF. CENTER
 NUMBER                                                       NUMBER              AREA       LONG.     LAT.     HORIZ      VERT
              M        M/SEC      N/ M**2       DEG K         1/ M                M**2         M         M         M         M
0  .250    7500.00      77.54   3.8299E+04     239.457     2.7854E+06            19.588      2.353     9.620     8.360      .000
0                                                               -------------------DERIVATIVE (PER DEGREE)-------------------
0 ALPHA     CD       CL       CM       CN       CA       XCP        CLA          CMA          CYB          CNB          CLB
0
  -16.0     .404   -6.031    -.0823  -5.908   -1.274     .014    5.003E-01    4.034E-01   -6.513E-02    2.046E-02   -3.772E-02
  -12.0     .234   -3.946     .5977  -3.909    -.592    -.153    5.194E-01    1.349E-01                             -3.726E-02
   -8.0     .129   -1.875     .9973  -1.875    -.133    -.532    5.106E-01    6.364E-02                             -3.699E-02
   -4.0     .089     .138    1.1068    .132     .098    8.389    5.117E-01    1.591E-02                             -3.685E-02
   -2.0     .093    1.170    1.1272   1.166     .134     .967    5.239E-01    4.237E-03                             -3.679E-02
     .0     .118    2.234    1.1238   2.234     .118     .503    5.399E-01   -1.080E-02                             -3.674E-02
    2.0     .161    3.330    1.0840   3.333     .045     .325    5.563E-01   -3.020E-02                             -3.670E-02
    4.0     .227    4.459    1.0030   4.464    -.085     .225    5.713E-01   -5.414E-02                             -3.667E-02
    6.0     .316    5.615     .8674   5.617    -.273     .154    5.321E-01   -9.910E-02                             -3.663E-02
    8.0     .408    6.588     .6066   6.580    -.513     .092    4.405E-01   -1.617E-01                             -3.642E-02
0                                    ALPHA     Q/QINF    EPSLON  D(EPSLON)/D(ALPHA)
0
                                    -16.0      1.000     -4.662         .438
                                    -12.0      1.000     -2.910         .445
                                     -8.0      1.000     -1.103         .455
                                     -4.0      1.000       .727         .474
                                     -2.0      1.000      1.692         .490
                                       .0      1.000      2.688         .494
                                      2.0      1.000      3.669         .485
                                      4.0      1.000      4.628         .466
                                      6.0      1.000      5.532         .434
                                      8.0      1.000      6.364         .416
1                               AUTOMATED STABILITY AND CONTROL METHODS PER APRIL 1976 VERSION OF DATCOM
                                                         DYNAMIC DERIVATIVES
                                        WING-BODY-VERTICAL TAIL-HORIZONTAL TAIL CONFIGURATION
                                                          TOTAL AIRCRAFT
 
 -----------------------  FLIGHT CONDITIONS  ------------------------           --------------  REFERENCE DIMENSIONS  ------------
  MACH    ALTITUDE   VELOCITY    PRESSURE    TEMPERATURE     REYNOLDS             REF.      REFERENCE LENGTH   MOMENT REF. CENTER
 NUMBER                                                       NUMBER              AREA       LONG.     LAT.     HORIZ      VERT
              M        M/SEC      N/ M**2       DEG K         1/ M                M**2         M         M         M         M
0  .250    7500.00      77.54   3.8299E+04     239.457     2.7854E+06            19.588      2.353     9.620     8.360      .000
                                                    DYNAMIC DERIVATIVES (PER DEGREE)
0           -------PITCHING-------    -----ACCELERATION------    --------------ROLLING--------------    --------YAWING--------
0   ALPHA       CLQ          CMQ           CLAD         CMAD         CLP          CYP          CNP          CNR          CLR
0
   -16.00    1.912E-01   -5.405E-01     5.089E-02   -1.864E-01   -4.714E-01   -1.356E-02    7.869E-02   -6.099E-02    1.603E-02
   -12.00                               5.170E-02   -1.894E-01   -4.572E-01   -1.760E-02    5.073E-02   -6.023E-02    2.092E-02
    -8.00                               5.283E-02   -1.936E-01   -4.391E-01   -2.123E-02    2.273E-02   -6.179E-02    2.501E-02
    -4.00                               5.508E-02   -2.018E-01   -4.373E-01   -2.429E-02   -4.738E-03   -6.536E-02    2.820E-02
    -2.00                               5.696E-02   -2.087E-01   -4.495E-01   -2.591E-02   -1.897E-02   -6.786E-02    2.973E-02
      .00                               5.746E-02   -2.105E-01   -4.624E-01   -2.762E-02   -3.353E-02   -7.088E-02    3.126E-02
     2.00                               5.636E-02   -2.065E-01   -4.716E-01   -2.941E-02   -4.844E-02   -7.448E-02    3.278E-02
     4.00                               5.410E-02   -1.982E-01   -4.771E-01   -3.125E-02   -6.365E-02   -7.867E-02    3.426E-02
     6.00                               5.044E-02   -1.848E-01   -4.258E-01   -3.332E-02   -8.147E-02   -8.344E-02    3.569E-02
     8.00                               4.837E-02   -1.772E-01   -3.195E-01   -3.438E-02   -9.755E-02   -8.773E-02    3.619E-02
0*** VEHICLE WEIGHT = ********* N. 
0*** LEVEL FLIGHT LIFT COEFFICIENT =********
1                            AUTOMATED STABILITY AND CONTROL METHODS PER APRIL 1976 VERSION OF DATCOM
                                         CHARACTERISTICS OF HIGH LIFT AND CONTROL DEVICES
                                            TAIL PLAIN TRAILING-EDGE FLAP CONFIGURATION
                                                          TOTAL AIRCRAFT
 -----------------------  FLIGHT CONDITIONS  ------------------------           --------------  REFERENCE DIMENSIONS  ------------
  MACH    ALTITUDE   VELOCITY    PRESSURE    TEMPERATURE     REYNOLDS             REF.      REFERENCE LENGTH   MOMENT REF. CENTER
 NUMBER                                                       NUMBER              AREA       LONG.     LAT.     HORIZ      VERT
              M        M/SEC      N/ M**2       DEG K         1/ M                M**2         M         M         M         M
0  .250    7500.00      77.54   1.6706E+01     775.841     2.5877E+05            19.588      2.353     9.620     8.360      .000
0            ---------INCREMENTS DUE TO DEFLECTION---------              ---DERIVATIVES (PER DEGREE)---
0     DELTA     D(CL)     D(CM)    D(CL MAX)    D(CD MIN)                (CLA)D     (CH)A       (CH)D


      -20.0     -.144        nan      .678       .05697                  NDM      -5.774E-03  -1.362E-02
      -10.0     -.094        nan      .392       .01911                  NDM                  -1.261E-02
       -5.0     -.047        nan      .202       .00955                  NDM                  -1.261E-02
         .0      .000        nan      .000       .00002                  NDM                  -1.261E-02
        7.5      .070        nan      .297       .01433                  NDM                  -1.261E-02
       15.0      .135        nan      .547       .03787                  NDM                  -1.279E-02
       20.0      .144        nan      .678       .05697                  NDM                  -1.362E-02
0  *** NOTE * HINGE MOMENT DERIVATIVES ARE BASED ON TWICE THE AREA-MOMENT OF THE CONTROL ABOUT ITS HINGE LINE

0            --------- INDUCED DRAG COEFFICIENT INCREMENT , D(CDI) , DUE TO DEFLECTION ---------
0       DELTA = -20.0     -10.0      -5.0        .0       7.5      15.0      20.0
   ALPHA
0
   -16.0        1.11E-01  6.22E-02  2.64E-02 -4.33E-05 -2.19E-02 -2.34E-02 -2.21E-02
   -12.0        9.18E-02  4.96E-02  2.01E-02 -3.08E-05 -1.25E-02 -5.37E-03 -2.83E-03
    -8.0        7.30E-02  3.74E-02  1.40E-02 -1.85E-05 -3.31E-03  1.22E-02  1.60E-02
    -4.0        5.43E-02  2.53E-02  7.92E-03 -6.40E-06  5.79E-03  2.96E-02  3.46E-02
    -2.0        4.54E-02  1.95E-02  5.02E-03 -6.11E-07  1.01E-02  3.79E-02  4.35E-02
      .0        3.68E-02  1.39E-02  2.22E-03  5.00E-06  1.43E-02  4.60E-02  5.21E-02
     2.0        2.81E-02  8.17E-03 -6.24E-04  1.07E-05  1.86E-02  5.42E-02  6.09E-02
     4.0        1.91E-02  2.35E-03 -3.53E-03  1.65E-05  2.30E-02  6.25E-02  6.98E-02
     6.0        9.73E-03 -3.77E-03 -6.60E-03  2.26E-05  2.76E-02  7.13E-02  7.92E-02
     8.0       -2.90E-04 -1.03E-02 -9.86E-03  2.92E-05  3.24E-02  8.07E-02  8.92E-02
0***NDM PRINTED WHEN NO DATCOM METHODS EXIST
 WARNING*** BODY ALONE DYNAMIC DERIVATIVE METHOD VALID FOR NOSE CYLINDER ONLY
            TAIL EFFECTS IGNORED]
1                               AUTOMATED STABILITY AND CONTROL METHODS PER APRIL 1976 VERSION OF DATCOM
                                         CHARACTERISTICS AT ANGLE OF ATTACK AND IN SIDESLIP
                                        WING-BODY-VERTICAL TAIL-HORIZONTAL TAIL CONFIGURATION
                                                          TOTAL AIRCRAFT
 
 -----------------------  FLIGHT CONDITIONS  ------------------------           --------------  REFERENCE DIMENSIONS  ------------
  MACH    ALTITUDE   VELOCITY    PRESSURE    TEMPERATURE     REYNOLDS             REF.      REFERENCE LENGTH   MOMENT REF. CENTER
 NUMBER                                                       NUMBER              AREA       LONG.     LAT.     HORIZ      VERT
              M        M/SEC      N/ M**2       DEG K         1/ M                M**2         M         M         M         M
0  .300    7500.00      93.05   3.8299E+04     239.457     3.3425E+06            19.588      2.353     9.620     8.360      .000
0                                                               -------------------DERIVATIVE (PER DEGREE)-------------------
0 ALPHA     CD       CL       CM       CN       CA       XCP        CLA          CMA          CYB          CNB          CLB
0
  -16.0     .400   -5.989    -.0454  -5.867   -1.266     .008    4.886E-01    3.963E-01   -6.532E-02    2.024E-02   -3.789E-02
  -12.0     .233   -3.939     .6141  -3.901    -.591    -.157    5.134E-01    1.312E-01                             -3.738E-02
   -8.0     .128   -1.881    1.0041  -1.881    -.135    -.534    5.097E-01    6.229E-02                             -3.709E-02
   -4.0     .088     .139    1.1124    .132     .097    8.405    5.122E-01    1.464E-02                             -3.694E-02
   -2.0     .092    1.170    1.1292   1.166     .133     .968    5.224E-01    1.748E-03                             -3.688E-02
     .0     .116    2.228    1.1194   2.228     .116     .502    5.358E-01   -1.489E-02                             -3.682E-02
    2.0     .159    3.313    1.0697   3.317     .043     .322    5.496E-01   -3.664E-02                             -3.677E-02
    4.0     .223    4.427     .9728   4.432    -.086     .220    5.439E-01   -7.055E-02                             -3.672E-02
    6.0     .304    5.489     .7875   5.491    -.272     .143    4.860E-01   -1.229E-01                             -3.660E-02
    8.0     .386    6.371     .4811   6.363    -.504     .076    3.962E-01   -1.834E-01                             -3.631E-02
0                                    ALPHA     Q/QINF    EPSLON  D(EPSLON)/D(ALPHA)
0
                                    -16.0      1.000     -4.637         .433
                                    -12.0      1.000     -2.904         .442
                                     -8.0      1.000     -1.104         .454
                                     -4.0      1.000       .729         .474
                                     -2.0      1.000      1.692         .489
                                       .0      1.000      2.684         .491
                                      2.0      1.000      3.658         .478
                                      4.0      1.000      4.596         .449
                                      6.0      1.000      5.455         .410
                                      8.0      1.000      6.236         .391
1                               AUTOMATED STABILITY AND CONTROL METHODS PER APRIL 1976 VERSION OF DATCOM
                                                         DYNAMIC DERIVATIVES
                                        WING-BODY-VERTICAL TAIL-HORIZONTAL TAIL CONFIGURATION
                                                          TOTAL AIRCRAFT
 
 -----------------------  FLIGHT CONDITIONS  ------------------------           --------------  REFERENCE DIMENSIONS  ------------
  MACH    ALTITUDE   VELOCITY    PRESSURE    TEMPERATURE     REYNOLDS             REF.      REFERENCE LENGTH   MOMENT REF. CENTER
 NUMBER                                                       NUMBER              AREA       LONG.     LAT.     HORIZ      VERT
              M        M/SEC      N/ M**2       DEG K         1/ M                M**2         M         M         M         M
0  .300    7500.00      93.05   3.8299E+04     239.457     3.3425E+06            19.588      2.353     9.620     8.360      .000
                                                    DYNAMIC DERIVATIVES (PER DEGREE)
0           -------PITCHING-------    -----ACCELERATION------    --------------ROLLING--------------    --------YAWING--------
0   ALPHA       CLQ          CMQ           CLAD         CMAD         CLP          CYP          CNP          CNR          CLR
0
   -16.00    1.893E-01   -5.288E-01     4.880E-02   -1.788E-01   -4.607E-01   -1.398E-02    7.821E-02   -6.099E-02    1.612E-02
   -12.00                               4.974E-02   -1.822E-01   -4.518E-01   -1.782E-02    5.063E-02   -6.039E-02    2.095E-02
    -8.00                               5.115E-02   -1.874E-01   -4.387E-01   -2.136E-02    2.276E-02   -6.199E-02    2.506E-02
    -4.00                               5.335E-02   -1.954E-01   -4.378E-01   -2.441E-02   -4.724E-03   -6.559E-02    2.835E-02
    -2.00                               5.505E-02   -2.017E-01   -4.479E-01   -2.600E-02   -1.892E-02   -6.808E-02    2.991E-02
      .00                               5.535E-02   -2.028E-01   -4.580E-01   -2.767E-02   -3.341E-02   -7.110E-02    3.145E-02
     2.00                               5.383E-02   -1.972E-01   -4.645E-01   -2.939E-02   -4.821E-02   -7.467E-02    3.296E-02
     4.00                               5.061E-02   -1.854E-01   -4.476E-01   -3.120E-02   -6.400E-02   -7.879E-02    3.440E-02
     6.00                               4.619E-02   -1.692E-01   -3.782E-01   -3.284E-02   -8.107E-02   -8.311E-02    3.546E-02
     8.00                               4.401E-02   -1.612E-01   -2.780E-01   -3.347E-02   -9.568E-02   -8.690E-02    3.564E-02
0*** VEHICLE WEIGHT = ********* N. 
0*** LEVEL FLIGHT LIFT COEFFICIENT =********
1                            AUTOMATED STABILITY AND CONTROL METHODS PER APRIL 1976 VERSION OF DATCOM
                                         CHARACTERISTICS OF HIGH LIFT AND CONTROL DEVICES
                                            TAIL PLAIN TRAILING-EDGE FLAP CONFIGURATION
                                                          TOTAL AIRCRAFT
 -----------------------  FLIGHT CONDITIONS  ------------------------           --------------  REFERENCE DIMENSIONS  ------------
  MACH    ALTITUDE   VELOCITY    PRESSURE    TEMPERATURE     REYNOLDS             REF.      REFERENCE LENGTH   MOMENT REF. CENTER
 NUMBER                                                       NUMBER              AREA       LONG.     LAT.     HORIZ      VERT
              M        M/SEC      N/ M**2       DEG K         1/ M                M**2         M         M         M         M
0  .300    7500.00      93.05   1.6706E+01     775.841     3.1053E+05            19.588      2.353     9.620     8.360      .000
0            ---------INCREMENTS DUE TO DEFLECTION---------              ---DERIVATIVES (PER DEGREE)---
0     DELTA     D(CL)     D(CM)    D(CL MAX)    D(CD MIN)                (CLA)D     (CH)A       (CH)D


      -20.0     -.139        nan      .678       .05696                  NDM      -5.877E-03  -1.381E-02
      -10.0     -.091        nan      .392       .01911                  NDM                  -1.279E-02
       -5.0     -.045        nan      .202       .00955                  NDM                  -1.279E-02
         .0      .000        nan      .000       .00002                  NDM                  -1.279E-02
        7.5      .068        nan      .297       .01433                  NDM                  -1.279E-02
       15.0      .130        nan      .547       .03787                  NDM                  -1.298E-02
       20.0      .139        nan      .678       .05696                  NDM                  -1.381E-02
0  *** NOTE * HINGE MOMENT DERIVATIVES ARE BASED ON TWICE THE AREA-MOMENT OF THE CONTROL ABOUT ITS HINGE LINE

0            --------- INDUCED DRAG COEFFICIENT INCREMENT , D(CDI) , DUE TO DEFLECTION ---------
0       DELTA = -20.0     -10.0      -5.0        .0       7.5      15.0      20.0
   ALPHA
0
   -16.0        1.12E-01  6.29E-02  2.67E-02 -4.39E-05 -2.23E-02 -2.40E-02 -2.28E-02
   -12.0        9.26E-02  5.01E-02  2.03E-02 -3.11E-05 -1.27E-02 -5.64E-03 -3.11E-03
    -8.0        7.35E-02  3.77E-02  1.41E-02 -1.87E-05 -3.38E-03  1.22E-02  1.60E-02
    -4.0        5.47E-02  2.55E-02  7.99E-03 -6.47E-06  5.79E-03  2.98E-02  3.48E-02
    -2.0        4.57E-02  1.96E-02  5.06E-03 -6.18E-07  1.02E-02  3.82E-02  4.38E-02
      .0        3.70E-02  1.39E-02  2.21E-03  5.07E-06  1.45E-02  4.63E-02  5.25E-02
     2.0        2.81E-02  8.11E-03 -6.85E-04  1.09E-05  1.88E-02  5.47E-02  6.14E-02
     4.0        1.89E-02  2.11E-03 -3.68E-03  1.69E-05  2.33E-02  6.33E-02  7.06E-02
     6.0        8.97E-03 -4.33E-03 -6.90E-03  2.33E-05  2.81E-02  7.25E-02  8.05E-02
     8.0       -1.60E-03 -1.12E-02 -1.03E-02  3.02E-05  3.33E-02  8.24E-02  9.11E-02
0***NDM PRINTED WHEN NO DATCOM METHODS EXIST
 WARNING*** BODY ALONE DYNAMIC DERIVATIVE METHOD VALID FOR NOSE CYLINDER ONLY
            TAIL EFFECTS IGNORED]
1                               AUTOMATED STABILITY AND CONTROL METHODS PER APRIL 1976 VERSION OF DATCOM
                                         CHARACTERISTICS AT ANGLE OF ATTACK AND IN SIDESLIP
                                        WING-BODY-VERTICAL TAIL-HORIZONTAL TAIL CONFIGURATION
                                                          TOTAL AIRCRAFT
 
 -----------------------  FLIGHT CONDITIONS  ------------------------           --------------  REFERENCE DIMENSIONS  ------------
  MACH    ALTITUDE   VELOCITY    PRESSURE    TEMPERATURE     REYNOLDS             REF.      REFERENCE LENGTH   MOMENT REF. CENTER
 NUMBER                                                       NUMBER              AREA       LONG.     LAT.     HORIZ      VERT
              M        M/SEC      N/ M**2       DEG K         1/ M                M**2         M         M         M         M
0  .350    7500.00     108.56   3.8299E+04     239.457     3.8996E+06            19.588      2.353     9.620     8.360      .000
0                                                               -------------------DERIVATIVE (PER DEGREE)-------------------
0 ALPHA     CD       CL       CM       CN       CA       XCP        CLA          CMA          CYB          CNB          CLB
0
  -16.0     .393   -5.896     .0168  -5.776   -1.248    -.003    4.572E-01    3.788E-01   -6.554E-02    2.011E-02   -3.813E-02
  -12.0     .232   -3.931     .6273  -3.893    -.590    -.161    5.009E-01    1.239E-01                             -3.753E-02
   -8.0     .128   -1.889    1.0076  -1.888    -.136    -.534    5.088E-01    6.105E-02                             -3.721E-02
   -4.0     .087     .140    1.1156    .133     .097    8.371    5.131E-01    1.349E-02                             -3.706E-02
   -2.0     .092    1.172    1.1291   1.168     .133     .967    5.213E-01   -7.576E-04                             -3.699E-02
     .0     .116    2.225    1.1126   2.225     .116     .500    5.317E-01   -1.918E-02                             -3.693E-02
    2.0     .158    3.299    1.0524   3.302     .043     .319    5.429E-01   -4.367E-02                             -3.686E-02
    4.0     .221    4.396     .9379   4.401    -.087     .213    5.127E-01   -8.912E-02                             -3.679E-02
    6.0     .291    5.349     .6959   5.351    -.270     .130    4.366E-01   -1.483E-01                             -3.658E-02
    8.0     .365    6.143     .3448   6.134    -.494     .056    3.567E-01   -2.028E-01                             -3.620E-02
0                                    ALPHA     Q/QINF    EPSLON  D(EPSLON)/D(ALPHA)
0
                                    -16.0      1.000     -4.585         .421
                                    -12.0      1.000     -2.899         .435
                                     -8.0      1.000     -1.105         .454
                                     -4.0      1.000       .732         .474
                                     -2.0      1.000      1.693         .488
                                       .0      1.000      2.682         .488
                                      2.0      1.000      3.647         .470
                                      4.0      1.000      4.563         .431
                                      6.0      1.000      5.372         .385
                                      8.0      1.000      6.102         .365
1                               AUTOMATED STABILITY AND CONTROL METHODS PER APRIL 1976 VERSION OF DATCOM
                                                         DYNAMIC DERIVATIVES
                                        WING-BODY-VERTICAL TAIL-HORIZONTAL TAIL CONFIGURATION
                                                          TOTAL AIRCRAFT
 
 -----------------------  FLIGHT CONDITIONS  ------------------------           --------------  REFERENCE DIMENSIONS  ------------
  MACH    ALTITUDE   VELOCITY    PRESSURE    TEMPERATURE     REYNOLDS             REF.      REFERENCE LENGTH   MOMENT REF. CENTER
 NUMBER                                                       NUMBER              AREA       LONG.     LAT.     HORIZ      VERT
              M        M/SEC      N/ M**2       DEG K         1/ M                M**2         M         M         M         M
0  .350    7500.00     108.56   3.8299E+04     239.457     3.8996E+06            19.588      2.353     9.620     8.360      .000
                                                    DYNAMIC DERIVATIVES (PER DEGREE)
0           -------PITCHING-------    -----ACCELERATION------    --------------ROLLING--------------    --------YAWING--------
0   ALPHA       CLQ          CMQ           CLAD         CMAD         CLP          CYP          CNP          CNR          CLR
0
   -16.00    1.815E-01   -4.943E-01     4.329E-02   -1.586E-01   -4.309E-01   -1.461E-02    7.751E-02   -6.088E-02    1.638E-02
   -12.00                               4.468E-02   -1.637E-01   -4.399E-01   -1.805E-02    5.069E-02   -6.062E-02    2.097E-02
    -8.00                               4.663E-02   -1.708E-01   -4.381E-01   -2.150E-02    2.281E-02   -6.226E-02    2.513E-02
    -4.00                               4.864E-02   -1.782E-01   -4.383E-01   -2.454E-02   -4.709E-03   -6.587E-02    2.853E-02
    -2.00                               5.009E-02   -1.835E-01   -4.460E-01   -2.611E-02   -1.887E-02   -6.838E-02    3.014E-02
      .00                               5.018E-02   -1.838E-01   -4.531E-01   -2.772E-02   -3.329E-02   -7.140E-02    3.170E-02
     2.00                               4.830E-02   -1.769E-01   -4.567E-01   -2.936E-02   -4.797E-02   -7.493E-02    3.320E-02
     4.00                               4.430E-02   -1.623E-01   -4.134E-01   -3.115E-02   -6.440E-02   -7.898E-02    3.462E-02
     6.00                               3.953E-02   -1.448E-01   -3.270E-01   -3.228E-02   -8.036E-02   -8.280E-02    3.523E-02
     8.00                               3.751E-02   -1.374E-01   -2.425E-01   -3.246E-02   -9.327E-02   -8.613E-02    3.509E-02
0*** VEHICLE WEIGHT = ********* N. 
0*** LEVEL FLIGHT LIFT COEFFICIENT =********
1                            AUTOMATED STABILITY AND CONTROL METHODS PER APRIL 1976 VERSION OF DATCOM
                                         CHARACTERISTICS OF HIGH LIFT AND CONTROL DEVICES
                                            TAIL PLAIN TRAILING-EDGE FLAP CONFIGURATION
                                                          TOTAL AIRCRAFT
 -----------------------  FLIGHT CONDITIONS  ------------------------           --------------  REFERENCE DIMENSIONS  ------------
  MACH    ALTITUDE   VELOCITY    PRESSURE    TEMPERATURE     REYNOLDS             REF.      REFERENCE LENGTH   MOMENT REF. CENTER
 NUMBER                                                       NUMBER              AREA       LONG.     LAT.     HORIZ      VERT
              M        M/SEC      N/ M**2       DEG K         1/ M                M**2         M         M         M         M
0  .350    7500.00     108.56   1.6706E+01     775.841     3.6228E+05            19.588      2.353     9.620     8.360      .000
0            ---------INCREMENTS DUE TO DEFLECTION---------              ---DERIVATIVES (PER DEGREE)---
0     DELTA     D(CL)     D(CM)    D(CL MAX)    D(CD MIN)                (CLA)D     (CH)A       (CH)D


      -20.0     -.126        nan      .678       .05695                  NDM      -5.997E-03  -1.409E-02
      -10.0     -.082        nan      .392       .01910                  NDM                  -1.305E-02
       -5.0     -.041        nan      .202       .00955                  NDM                  -1.305E-02
         .0      .000        nan      .000       .00002                  NDM                  -1.305E-02
        7.5      .061        nan      .297       .01432                  NDM                  -1.305E-02
       15.0      .118        nan      .547       .03786                  NDM                  -1.324E-02
       20.0      .126        nan      .678       .05695                  NDM                  -1.409E-02
0  *** NOTE * HINGE MOMENT DERIVATIVES ARE BASED ON TWICE THE AREA-MOMENT OF THE CONTROL ABOUT ITS HINGE LINE

0            --------- INDUCED DRAG COEFFICIENT INCREMENT , D(CDI) , DUE TO DEFLECTION ---------
0       DELTA = -20.0     -10.0      -5.0        .0       7.5      15.0      20.0
   ALPHA
0
   -16.0        1.13E-01  6.35E-02  2.70E-02 -4.45E-05 -2.28E-02 -2.50E-02 -2.39E-02
   -12.0        9.28E-02  5.03E-02  2.04E-02 -3.14E-05 -1.29E-02 -6.14E-03 -3.66E-03
    -8.0        7.36E-02  3.77E-02  1.41E-02 -1.88E-05 -3.52E-03  1.19E-02  1.56E-02
    -4.0        5.47E-02  2.54E-02  8.00E-03 -6.54E-06  5.71E-03  2.95E-02  3.45E-02
    -2.0        4.56E-02  1.95E-02  5.05E-03 -6.30E-07  1.01E-02  3.80E-02  4.36E-02
      .0        3.67E-02  1.38E-02  2.17E-03  5.12E-06  1.45E-02  4.63E-02  5.24E-02
     2.0        2.77E-02  7.90E-03 -7.71E-04  1.10E-05  1.89E-02  5.47E-02  6.15E-02
     4.0        1.82E-02  1.74E-03 -3.85E-03  1.72E-05  2.35E-02  6.36E-02  7.09E-02
     6.0        7.83E-03 -5.04E-03 -7.24E-03  2.39E-05  2.86E-02  7.33E-02  8.13E-02
     8.0       -3.27E-03 -1.23E-02 -1.09E-02  3.12E-05  3.40E-02  8.37E-02  9.24E-02
0***NDM PRINTED WHEN NO DATCOM METHODS EXIST
 WARNING*** BODY ALONE DYNAMIC DERIVATIVE METHOD VALID FOR NOSE CYLINDER ONLY
            TAIL EFFECTS IGNORED]
1                               AUTOMATED STABILITY AND CONTROL METHODS PER APRIL 1976 VERSION OF DATCOM
                                         CHARACTERISTICS AT ANGLE OF ATTACK AND IN SIDESLIP
                                        WING-BODY-VERTICAL TAIL-HORIZONTAL TAIL CONFIGURATION
                                                          TOTAL AIRCRAFT
 
 -----------------------  FLIGHT CONDITIONS  ------------------------           --------------  REFERENCE DIMENSIONS  ------------
  MACH    ALTITUDE   VELOCITY    PRESSURE    TEMPERATURE     REYNOLDS             REF.      REFERENCE LENGTH   MOMENT REF. CENTER
 NUMBER                                                       NUMBER              AREA       LONG.     LAT.     HORIZ      VERT
              M        M/SEC      N/ M**2       DEG K         1/ M                M**2         M         M         M         M
0  .100    8000.00      30.81   3.5651E+04     236.215     1.0559E+06            19.588      2.353     9.620     8.360      .000
0                                                               -------------------DERIVATIVE (PER DEGREE)-------------------
0 ALPHA     CD       CL       CM       CN       CA       XCP        CLA          CMA          CYB          CNB          CLB
0
  -16.0     .424   -6.039    -.1107  -5.921   -1.257     .019    5.085E-01    4.091E-01   -6.480E-02    2.214E-02   -3.749E-02
  -12.0     .252   -3.932     .5829  -3.898    -.571    -.150    5.224E-01    1.374E-01                             -3.706E-02
   -8.0     .147   -1.860     .9885  -1.862    -.113    -.531    5.086E-01    6.433E-02                             -3.682E-02
   -4.0     .108     .137    1.0975    .129     .117    8.496    5.084E-01    1.676E-02                             -3.668E-02
   -2.0     .112    1.163    1.1205   1.158     .153     .967    5.223E-01    6.348E-03                             -3.662E-02
     .0     .136    2.226    1.1229   2.226     .136     .504    5.409E-01   -7.053E-03                             -3.657E-02
    2.0     .180    3.327    1.0923   3.331     .064     .328    5.598E-01   -2.487E-02                             -3.654E-02
    4.0     .247    4.466    1.0234   4.472    -.065     .229    5.770E-01   -4.643E-02                             -3.652E-02
    6.0     .337    5.635     .9066   5.639    -.254     .161    5.698E-01   -7.573E-02                             -3.651E-02
    8.0     .444    6.745     .7205   6.741    -.499     .107    5.401E-01   -1.104E-01                             -3.642E-02
0                                    ALPHA     Q/QINF    EPSLON  D(EPSLON)/D(ALPHA)
0
                                    -16.0      1.000     -4.670         .441
                                    -12.0      1.000     -2.906         .447
                                     -8.0      1.000     -1.098         .454
                                     -4.0      1.000       .723         .473
                                     -2.0      1.000      1.686         .490
                                       .0      1.000      2.682         .496
                                      2.0      1.000      3.668         .488
                                      4.0      1.000      4.633         .473
                                      6.0      1.000      5.559         .457
                                      8.0      1.000      6.461         .451
1                               AUTOMATED STABILITY AND CONTROL METHODS PER APRIL 1976 VERSION OF DATCOM
                                                         DYNAMIC DERIVATIVES
                                        WING-BODY-VERTICAL TAIL-HORIZONTAL TAIL CONFIGURATION
                                                          TOTAL AIRCRAFT
 
 -----------------------  FLIGHT CONDITIONS  ------------------------           --------------  REFERENCE DIMENSIONS  ------------
  MACH    ALTITUDE   VELOCITY    PRESSURE    TEMPERATURE     REYNOLDS             REF.      REFERENCE LENGTH   MOMENT REF. CENTER
 NUMBER                                                       NUMBER              AREA       LONG.     LAT.     HORIZ      VERT
              M        M/SEC      N/ M**2       DEG K         1/ M                M**2         M         M         M         M
0  .100    8000.00      30.81   3.5651E+04     236.215     1.0559E+06            19.588      2.353     9.620     8.360      .000
                                                    DYNAMIC DERIVATIVES (PER DEGREE)
0           -------PITCHING-------    -----ACCELERATION------    --------------ROLLING--------------    --------YAWING--------
0   ALPHA       CLQ          CMQ           CLAD         CMAD         CLP          CYP          CNP          CNR          CLR
0
   -16.00    1.898E-01   -5.433E-01     5.194E-02   -1.903E-01   -4.765E-01   -1.298E-02    7.910E-02   -6.104E-02    1.612E-02
   -12.00                               5.259E-02   -1.927E-01   -4.574E-01   -1.719E-02    5.079E-02   -6.016E-02    2.095E-02
    -8.00                               5.343E-02   -1.957E-01   -4.347E-01   -2.090E-02    2.266E-02   -6.169E-02    2.491E-02
    -4.00                               5.568E-02   -2.040E-01   -4.321E-01   -2.397E-02   -4.766E-03   -6.524E-02    2.792E-02
    -2.00                               5.769E-02   -2.114E-01   -4.461E-01   -2.561E-02   -1.902E-02   -6.771E-02    2.937E-02
      .00                               5.837E-02   -2.138E-01   -4.615E-01   -2.737E-02   -3.365E-02   -7.072E-02    3.085E-02
     2.00                               5.746E-02   -2.105E-01   -4.732E-01   -2.922E-02   -4.865E-02   -7.433E-02    3.233E-02
     4.00                               5.568E-02   -2.040E-01   -4.812E-01   -3.114E-02   -6.399E-02   -7.855E-02    3.379E-02
     6.00                               5.383E-02   -1.972E-01   -4.647E-01   -3.319E-02   -8.060E-02   -8.340E-02    3.521E-02
     8.00                               5.315E-02   -1.947E-01   -4.259E-01   -3.486E-02   -9.671E-02   -8.843E-02    3.625E-02
0*** VEHICLE WEIGHT = ********* N. 
0*** LEVEL FLIGHT LIFT COEFFICIENT =********
1                            AUTOMATED STABILITY AND CONTROL METHODS PER APRIL 1976 VERSION OF DATCOM
                                         CHARACTERISTICS OF HIGH LIFT AND CONTROL DEVICES
                                            TAIL PLAIN TRAILING-EDGE FLAP CONFIGURATION
                                                          TOTAL AIRCRAFT
 -----------------------  FLIGHT CONDITIONS  ------------------------           --------------  REFERENCE DIMENSIONS  ------------
  MACH    ALTITUDE   VELOCITY    PRESSURE    TEMPERATURE     REYNOLDS             REF.      REFERENCE LENGTH   MOMENT REF. CENTER
 NUMBER                                                       NUMBER              AREA       LONG.     LAT.     HORIZ      VERT
              M        M/SEC      N/ M**2       DEG K         1/ M                M**2         M         M         M         M
0  .100    8000.00      30.81   1.5551E+01     765.336     9.8097E+04            19.588      2.353     9.620     8.360      .000
0            ---------INCREMENTS DUE TO DEFLECTION---------              ---DERIVATIVES (PER DEGREE)---
0     DELTA     D(CL)     D(CM)    D(CL MAX)    D(CD MIN)                (CLA)D     (CH)A       (CH)D


      -20.0     -.142        nan      .678       .05696                  NDM      -5.534E-03  -1.352E-02
      -10.0     -.093        nan      .392       .01911                  NDM                  -1.257E-02
       -5.0     -.046        nan      .202       .00955                  NDM                  -1.257E-02
         .0      .000        nan      .000       .00002                  NDM                  -1.257E-02
        7.5      .070        nan      .297       .01433                  NDM                  -1.257E-02
       15.0      .133        nan      .547       .03787                  NDM                  -1.274E-02
       20.0      .142        nan      .678       .05696                  NDM                  -1.352E-02
0  *** NOTE * HINGE MOMENT DERIVATIVES ARE BASED ON TWICE THE AREA-MOMENT OF THE CONTROL ABOUT ITS HINGE LINE

0            --------- INDUCED DRAG COEFFICIENT INCREMENT , D(CDI) , DUE TO DEFLECTION ---------
0       DELTA = -20.0     -10.0      -5.0        .0       7.5      15.0      20.0
   ALPHA
0
   -16.0        1.04E-01  5.84E-02  2.48E-02 -4.10E-05 -2.10E-02 -2.31E-02 -2.20E-02
   -12.0        8.58E-02  4.65E-02  1.89E-02 -2.92E-05 -1.21E-02 -6.09E-03 -3.83E-03
    -8.0        6.80E-02  3.49E-02  1.31E-02 -1.76E-05 -3.42E-03  1.06E-02  1.40E-02
    -4.0        5.03E-02  2.34E-02  7.37E-03 -6.03E-06  5.23E-03  2.71E-02  3.17E-02
    -2.0        4.19E-02  1.79E-02  4.62E-03 -5.47E-07  9.35E-03  3.50E-02  4.01E-02
      .0        3.37E-02  1.26E-02  1.97E-03  4.76E-06  1.33E-02  4.26E-02  4.83E-02
     2.0        2.55E-02  7.26E-03 -7.13E-04  1.01E-05  1.74E-02  5.03E-02  5.65E-02
     4.0        1.71E-02  1.78E-03 -3.45E-03  1.56E-05  2.15E-02  5.82E-02  6.49E-02
     6.0        8.32E-03 -3.90E-03 -6.29E-03  2.13E-05  2.57E-02  6.63E-02  7.37E-02
     8.0       -6.03E-04 -9.71E-03 -9.20E-03  2.71E-05  3.01E-02  7.47E-02  8.26E-02
0***NDM PRINTED WHEN NO DATCOM METHODS EXIST
 WARNING*** BODY ALONE DYNAMIC DERIVATIVE METHOD VALID FOR NOSE CYLINDER ONLY
            TAIL EFFECTS IGNORED]
1                               AUTOMATED STABILITY AND CONTROL METHODS PER APRIL 1976 VERSION OF DATCOM
                                         CHARACTERISTICS AT ANGLE OF ATTACK AND IN SIDESLIP
                                        WING-BODY-VERTICAL TAIL-HORIZONTAL TAIL CONFIGURATION
                                                          TOTAL AIRCRAFT
 
 -----------------------  FLIGHT CONDITIONS  ------------------------           --------------  REFERENCE DIMENSIONS  ------------
  MACH    ALTITUDE   VELOCITY    PRESSURE    TEMPERATURE     REYNOLDS             REF.      REFERENCE LENGTH   MOMENT REF. CENTER
 NUMBER                                                       NUMBER              AREA       LONG.     LAT.     HORIZ      VERT
              M        M/SEC      N/ M**2       DEG K         1/ M                M**2         M         M         M         M
0  .200    8000.00      61.61   3.5651E+04     236.215     2.1118E+06            19.588      2.353     9.620     8.360      .000
0                                                               -------------------DERIVATIVE (PER DEGREE)-------------------
0 ALPHA     CD       CL       CM       CN       CA       XCP        CLA          CMA          CYB          CNB          CLB
0
  -16.0     .411   -6.069    -.1153  -5.947   -1.277     .019    5.104E-01    4.102E-01   -6.499E-02    2.089E-02   -3.759E-02
  -12.0     .238   -3.954     .5824  -3.917    -.589    -.149    5.248E-01    1.382E-01                             -3.716E-02
   -8.0     .133   -1.871     .9906  -1.871    -.128    -.529    5.116E-01    6.490E-02                             -3.692E-02
   -4.0     .093     .138    1.1016    .132     .103    8.370    5.115E-01    1.709E-02                             -3.677E-02
   -2.0     .098    1.171    1.1251   1.167     .139     .964    5.253E-01    6.436E-03                             -3.671E-02
     .0     .122    2.240    1.1273   2.240     .122     .503    5.437E-01   -7.268E-03                             -3.667E-02
    2.0     .167    3.346    1.0960   3.349     .050     .327    5.624E-01   -2.539E-02                             -3.664E-02
    4.0     .234    4.489    1.0257   4.495    -.080     .228    5.794E-01   -4.733E-02                             -3.663E-02
    6.0     .325    5.663     .9067   5.666    -.269     .160    5.697E-01   -7.797E-02                             -3.662E-02
    8.0     .432    6.768     .7138   6.762    -.515     .106    5.352E-01   -1.149E-01                             -3.652E-02
0                                    ALPHA     Q/QINF    EPSLON  D(EPSLON)/D(ALPHA)
0
                                    -16.0      1.000     -4.685         .442
                                    -12.0      1.000     -2.917         .448
                                     -8.0      1.000     -1.102         .455
                                     -4.0      1.000       .726         .474
                                     -2.0      1.000      1.692         .492
                                       .0      1.000      2.692         .497
                                      2.0      1.000      3.681         .489
                                      4.0      1.000      4.649         .474
                                      6.0      1.000      5.575         .457
                                      8.0      1.000      6.475         .450
1                               AUTOMATED STABILITY AND CONTROL METHODS PER APRIL 1976 VERSION OF DATCOM
                                                         DYNAMIC DERIVATIVES
                                        WING-BODY-VERTICAL TAIL-HORIZONTAL TAIL CONFIGURATION
                                                          TOTAL AIRCRAFT
 
 -----------------------  FLIGHT CONDITIONS  ------------------------           --------------  REFERENCE DIMENSIONS  ------------
  MACH    ALTITUDE   VELOCITY    PRESSURE    TEMPERATURE     REYNOLDS             REF.      REFERENCE LENGTH   MOMENT REF. CENTER
 NUMBER                                                       NUMBER              AREA       LONG.     LAT.     HORIZ      VERT
              M        M/SEC      N/ M**2       DEG K         1/ M                M**2         M         M         M         M
0  .200    8000.00      61.61   3.5651E+04     236.215     2.1118E+06            19.588      2.353     9.620     8.360      .000
                                                    DYNAMIC DERIVATIVES (PER DEGREE)
0           -------PITCHING-------    -----ACCELERATION------    --------------ROLLING--------------    --------YAWING--------
0   ALPHA       CLQ          CMQ           CLAD         CMAD         CLP          CYP          CNP          CNR          CLR
0
   -16.00    1.905E-01   -5.398E-01     5.166E-02   -1.892E-01   -4.793E-01   -1.317E-02    7.914E-02   -6.108E-02    1.594E-02
   -12.00                               5.233E-02   -1.917E-01   -4.607E-01   -1.737E-02    5.084E-02   -6.017E-02    2.088E-02
    -8.00                               5.319E-02   -1.949E-01   -4.384E-01   -2.108E-02    2.270E-02   -6.168E-02    2.496E-02
    -4.00                               5.544E-02   -2.031E-01   -4.358E-01   -2.415E-02   -4.753E-03   -6.525E-02    2.808E-02
    -2.00                               5.743E-02   -2.104E-01   -4.497E-01   -2.579E-02   -1.902E-02   -6.774E-02    2.959E-02
      .00                               5.809E-02   -2.128E-01   -4.650E-01   -2.755E-02   -3.365E-02   -7.077E-02    3.112E-02
     2.00                               5.716E-02   -2.094E-01   -4.765E-01   -2.940E-02   -4.865E-02   -7.440E-02    3.265E-02
     4.00                               5.535E-02   -2.028E-01   -4.843E-01   -3.132E-02   -6.399E-02   -7.866E-02    3.417E-02
     6.00                               5.336E-02   -1.955E-01   -4.650E-01   -3.337E-02   -8.070E-02   -8.354E-02    3.564E-02
     8.00                               5.258E-02   -1.926E-01   -4.208E-01   -3.499E-02   -9.684E-02   -8.856E-02    3.669E-02
0*** VEHICLE WEIGHT = ********* N. 
0*** LEVEL FLIGHT LIFT COEFFICIENT =********
1                            AUTOMATED STABILITY AND CONTROL METHODS PER APRIL 1976 VERSION OF DATCOM
                                         CHARACTERISTICS OF HIGH LIFT AND CONTROL DEVICES
                                            TAIL PLAIN TRAILING-EDGE FLAP CONFIGURATION
                                                          TOTAL AIRCRAFT
 -----------------------  FLIGHT CONDITIONS  ------------------------           --------------  REFERENCE DIMENSIONS  ------------
  MACH    ALTITUDE   VELOCITY    PRESSURE    TEMPERATURE     REYNOLDS             REF.      REFERENCE LENGTH   MOMENT REF. CENTER
 NUMBER                                                       NUMBER              AREA       LONG.     LAT.     HORIZ      VERT
              M        M/SEC      N/ M**2       DEG K         1/ M                M**2         M         M         M         M
0  .200    8000.00      61.61   1.5551E+01     765.336     1.9619E+05            19.588      2.353     9.620     8.360      .000
0            ---------INCREMENTS DUE TO DEFLECTION---------              ---DERIVATIVES (PER DEGREE)---
0     DELTA     D(CL)     D(CM)    D(CL MAX)    D(CD MIN)                (CLA)D     (CH)A       (CH)D


      -20.0     -.145        nan      .678       .05697                  NDM      -5.684E-03  -1.352E-02
      -10.0     -.094        nan      .392       .01911                  NDM                  -1.252E-02
       -5.0     -.047        nan      .202       .00955                  NDM                  -1.252E-02
         .0      .000        nan      .000       .00002                  NDM                  -1.252E-02
        7.5      .071        nan      .297       .01433                  NDM                  -1.252E-02
       15.0      .135        nan      .547       .03787                  NDM                  -1.270E-02
       20.0      .145        nan      .678       .05697                  NDM                  -1.352E-02
0  *** NOTE * HINGE MOMENT DERIVATIVES ARE BASED ON TWICE THE AREA-MOMENT OF THE CONTROL ABOUT ITS HINGE LINE

0            --------- INDUCED DRAG COEFFICIENT INCREMENT , D(CDI) , DUE TO DEFLECTION ---------
0       DELTA = -20.0     -10.0      -5.0        .0       7.5      15.0      20.0
   ALPHA
0
   -16.0        1.09E-01  6.11E-02  2.59E-02 -4.26E-05 -2.15E-02 -2.30E-02 -2.17E-02
   -12.0        9.02E-02  4.88E-02  1.98E-02 -3.03E-05 -1.23E-02 -5.36E-03 -2.88E-03
    -8.0        7.17E-02  3.68E-02  1.38E-02 -1.82E-05 -3.29E-03  1.19E-02  1.56E-02
    -4.0        5.33E-02  2.48E-02  7.78E-03 -6.29E-06  5.67E-03  2.91E-02  3.40E-02
    -2.0        4.46E-02  1.91E-02  4.93E-03 -6.04E-07  9.94E-03  3.72E-02  4.27E-02
      .0        3.62E-02  1.36E-02  2.18E-03  4.90E-06  1.41E-02  4.51E-02  5.12E-02
     2.0        2.76E-02  8.05E-03 -5.99E-04  1.05E-05  1.82E-02  5.31E-02  5.97E-02
     4.0        1.89E-02  2.37E-03 -3.44E-03  1.61E-05  2.25E-02  6.13E-02  6.84E-02
     6.0        9.81E-03 -3.54E-03 -6.39E-03  2.20E-05  2.69E-02  6.98E-02  7.75E-02
     8.0        5.09E-04 -9.59E-03 -9.42E-03  2.81E-05  3.15E-02  7.84E-02  8.68E-02
0***NDM PRINTED WHEN NO DATCOM METHODS EXIST
 WARNING*** BODY ALONE DYNAMIC DERIVATIVE METHOD VALID FOR NOSE CYLINDER ONLY
            TAIL EFFECTS IGNORED]
1                               AUTOMATED STABILITY AND CONTROL METHODS PER APRIL 1976 VERSION OF DATCOM
                                         CHARACTERISTICS AT ANGLE OF ATTACK AND IN SIDESLIP
                                        WING-BODY-VERTICAL TAIL-HORIZONTAL TAIL CONFIGURATION
                                                          TOTAL AIRCRAFT
 
 -----------------------  FLIGHT CONDITIONS  ------------------------           --------------  REFERENCE DIMENSIONS  ------------
  MACH    ALTITUDE   VELOCITY    PRESSURE    TEMPERATURE     REYNOLDS             REF.      REFERENCE LENGTH   MOMENT REF. CENTER
 NUMBER                                                       NUMBER              AREA       LONG.     LAT.     HORIZ      VERT
              M        M/SEC      N/ M**2       DEG K         1/ M                M**2         M         M         M         M
0  .250    8000.00      77.02   3.5651E+04     236.215     2.6398E+06            19.588      2.353     9.620     8.360      .000
0                                                               -------------------DERIVATIVE (PER DEGREE)-------------------
0 ALPHA     CD       CL       CM       CN       CA       XCP        CLA          CMA          CYB          CNB          CLB
0
  -16.0     .405   -6.031    -.0818  -5.909   -1.273     .014    5.003E-01    4.034E-01   -6.513E-02    2.056E-02   -3.772E-02
  -12.0     .234   -3.946     .5982  -3.909    -.591    -.153    5.194E-01    1.349E-01                             -3.726E-02
   -8.0     .130   -1.875     .9978  -1.875    -.133    -.532    5.106E-01    6.364E-02                             -3.699E-02
   -4.0     .090     .138    1.1073    .132     .099    8.396    5.117E-01    1.590E-02                             -3.685E-02
   -2.0     .094    1.170    1.1276   1.166     .135     .967    5.239E-01    4.232E-03                             -3.679E-02
     .0     .118    2.234    1.1242   2.234     .118     .503    5.399E-01   -1.081E-02                             -3.674E-02
    2.0     .162    3.330    1.0844   3.334     .046     .325    5.563E-01   -3.020E-02                             -3.670E-02
    4.0     .228    4.459    1.0034   4.464    -.084     .225    5.713E-01   -5.415E-02                             -3.667E-02
    6.0     .317    5.615     .8678   5.617    -.272     .154    5.321E-01   -9.911E-02                             -3.663E-02
    8.0     .409    6.588     .6070   6.580    -.512     .092    4.405E-01   -1.617E-01                             -3.642E-02
0                                    ALPHA     Q/QINF    EPSLON  D(EPSLON)/D(ALPHA)
0
                                    -16.0      1.000     -4.662         .438
                                    -12.0      1.000     -2.910         .445
                                     -8.0      1.000     -1.103         .455
                                     -4.0      1.000       .727         .474
                                     -2.0      1.000      1.692         .490
                                       .0      1.000      2.688         .494
                                      2.0      1.000      3.669         .485
                                      4.0      1.000      4.628         .466
                                      6.0      1.000      5.532         .434
                                      8.0      1.000      6.364         .416
1                               AUTOMATED STABILITY AND CONTROL METHODS PER APRIL 1976 VERSION OF DATCOM
                                                         DYNAMIC DERIVATIVES
                                        WING-BODY-VERTICAL TAIL-HORIZONTAL TAIL CONFIGURATION
                                                          TOTAL AIRCRAFT
 
 -----------------------  FLIGHT CONDITIONS  ------------------------           --------------  REFERENCE DIMENSIONS  ------------
  MACH    ALTITUDE   VELOCITY    PRESSURE    TEMPERATURE     REYNOLDS             REF.      REFERENCE LENGTH   MOMENT REF. CENTER
 NUMBER                                                       NUMBER              AREA       LONG.     LAT.     HORIZ      VERT
              M        M/SEC      N/ M**2       DEG K         1/ M                M**2         M         M         M         M
0  .250    8000.00      77.02   3.5651E+04     236.215     2.6398E+06            19.588      2.353     9.620     8.360      .000
                                                    DYNAMIC DERIVATIVES (PER DEGREE)
0           -------PITCHING-------    -----ACCELERATION------    --------------ROLLING--------------    --------YAWING--------
0   ALPHA       CLQ          CMQ           CLAD         CMAD         CLP          CYP          CNP          CNR          CLR
0
   -16.00    1.912E-01   -5.405E-01     5.089E-02   -1.864E-01   -4.714E-01   -1.356E-02    7.869E-02   -6.101E-02    1.603E-02
   -12.00                               5.170E-02   -1.894E-01   -4.572E-01   -1.760E-02    5.073E-02   -6.025E-02    2.092E-02
    -8.00                               5.283E-02   -1.936E-01   -4.391E-01   -2.123E-02    2.273E-02   -6.180E-02    2.501E-02
    -4.00                               5.508E-02   -2.018E-01   -4.373E-01   -2.429E-02   -4.738E-03   -6.538E-02    2.820E-02
    -2.00                               5.696E-02   -2.087E-01   -4.495E-01   -2.591E-02   -1.897E-02   -6.787E-02    2.973E-02
      .00                               5.746E-02   -2.105E-01   -4.624E-01   -2.762E-02   -3.353E-02   -7.090E-02    3.126E-02
     2.00                               5.636E-02   -2.065E-01   -4.716E-01   -2.941E-02   -4.844E-02   -7.450E-02    3.278E-02
     4.00                               5.410E-02   -1.982E-01   -4.771E-01   -3.125E-02   -6.365E-02   -7.869E-02    3.426E-02
     6.00                               5.044E-02   -1.848E-01   -4.258E-01   -3.332E-02   -8.147E-02   -8.346E-02    3.569E-02
     8.00                               4.837E-02   -1.772E-01   -3.195E-01   -3.438E-02   -9.755E-02   -8.774E-02    3.619E-02
0*** VEHICLE WEIGHT = ********* N. 
0*** LEVEL FLIGHT LIFT COEFFICIENT =********
1                            AUTOMATED STABILITY AND CONTROL METHODS PER APRIL 1976 VERSION OF DATCOM
                                         CHARACTERISTICS OF HIGH LIFT AND CONTROL DEVICES
                                            TAIL PLAIN TRAILING-EDGE FLAP CONFIGURATION
                                                          TOTAL AIRCRAFT
 -----------------------  FLIGHT CONDITIONS  ------------------------           --------------  REFERENCE DIMENSIONS  ------------
  MACH    ALTITUDE   VELOCITY    PRESSURE    TEMPERATURE     REYNOLDS             REF.      REFERENCE LENGTH   MOMENT REF. CENTER
 NUMBER                                                       NUMBER              AREA       LONG.     LAT.     HORIZ      VERT
              M        M/SEC      N/ M**2       DEG K         1/ M                M**2         M         M         M         M
0  .250    8000.00      77.02   1.5551E+01     765.336     2.4524E+05            19.588      2.353     9.620     8.360      .000
0            ---------INCREMENTS DUE TO DEFLECTION---------              ---DERIVATIVES (PER DEGREE)---
0     DELTA     D(CL)     D(CM)    D(CL MAX)    D(CD MIN)                (CLA)D     (CH)A       (CH)D


      -20.0     -.144        nan      .678       .05697                  NDM      -5.771E-03  -1.364E-02
      -10.0     -.094        nan      .392       .01911                  NDM                  -1.263E-02
       -5.0     -.047        nan      .202       .00955                  NDM                  -1.263E-02
         .0      .000        nan      .000       .00002                  NDM                  -1.263E-02
        7.5      .070        nan      .297       .01433                  NDM                  -1.263E-02
       15.0      .135        nan      .547       .03787                  NDM                  -1.281E-02
       20.0      .144        nan      .678       .05697                  NDM                  -1.364E-02
0  *** NOTE * HINGE MOMENT DERIVATIVES ARE BASED ON TWICE THE AREA-MOMENT OF THE CONTROL ABOUT ITS HINGE LINE

0            --------- INDUCED DRAG COEFFICIENT INCREMENT , D(CDI) , DUE TO DEFLECTION ---------
0       DELTA = -20.0     -10.0      -5.0        .0       7.5      15.0      20.0
   ALPHA
0
   -16.0        1.11E-01  6.20E-02  2.63E-02 -4.32E-05 -2.19E-02 -2.34E-02 -2.22E-02
   -12.0        9.14E-02  4.94E-02  2.00E-02 -3.07E-05 -1.25E-02 -5.45E-03 -2.94E-03
    -8.0        7.26E-02  3.72E-02  1.39E-02 -1.85E-05 -3.33E-03  1.21E-02  1.58E-02
    -4.0        5.41E-02  2.51E-02  7.88E-03 -6.38E-06  5.74E-03  2.95E-02  3.44E-02
    -2.0        4.52E-02  1.94E-02  5.00E-03 -6.09E-07  1.01E-02  3.77E-02  4.33E-02
      .0        3.66E-02  1.38E-02  2.20E-03  4.98E-06  1.43E-02  4.58E-02  5.19E-02
     2.0        2.79E-02  8.10E-03 -6.35E-04  1.07E-05  1.85E-02  5.39E-02  6.06E-02
     4.0        1.90E-02  2.30E-03 -3.54E-03  1.65E-05  2.29E-02  6.22E-02  6.95E-02
     6.0        9.59E-03 -3.81E-03 -6.59E-03  2.26E-05  2.75E-02  7.10E-02  7.89E-02
     8.0       -4.04E-04 -1.03E-02 -9.84E-03  2.91E-05  3.23E-02  8.04E-02  8.89E-02
0***NDM PRINTED WHEN NO DATCOM METHODS EXIST
 WARNING*** BODY ALONE DYNAMIC DERIVATIVE METHOD VALID FOR NOSE CYLINDER ONLY
            TAIL EFFECTS IGNORED]
1                               AUTOMATED STABILITY AND CONTROL METHODS PER APRIL 1976 VERSION OF DATCOM
                                         CHARACTERISTICS AT ANGLE OF ATTACK AND IN SIDESLIP
                                        WING-BODY-VERTICAL TAIL-HORIZONTAL TAIL CONFIGURATION
                                                          TOTAL AIRCRAFT
 
 -----------------------  FLIGHT CONDITIONS  ------------------------           --------------  REFERENCE DIMENSIONS  ------------
  MACH    ALTITUDE   VELOCITY    PRESSURE    TEMPERATURE     REYNOLDS             REF.      REFERENCE LENGTH   MOMENT REF. CENTER
 NUMBER                                                       NUMBER              AREA       LONG.     LAT.     HORIZ      VERT
              M        M/SEC      N/ M**2       DEG K         1/ M                M**2         M         M         M         M
0  .300    8000.00      92.42   3.5651E+04     236.215     3.1677E+06            19.588      2.353     9.620     8.360      .000
0                                                               -------------------DERIVATIVE (PER DEGREE)-------------------
0 ALPHA     CD       CL       CM       CN       CA       XCP        CLA          CMA          CYB          CNB          CLB
0
  -16.0     .401   -5.989    -.0449  -5.867   -1.266     .008    4.886E-01    3.964E-01   -6.532E-02    2.035E-02   -3.789E-02
  -12.0     .233   -3.939     .6146  -3.901    -.591    -.158    5.134E-01    1.312E-01                             -3.738E-02
   -8.0     .129   -1.881    1.0045  -1.881    -.134    -.534    5.097E-01    6.228E-02                             -3.709E-02
   -4.0     .088     .139    1.1128    .132     .098    8.411    5.122E-01    1.463E-02                             -3.694E-02
   -2.0     .093    1.170    1.1296   1.166     .134     .968    5.224E-01    1.743E-03                             -3.688E-02
     .0     .117    2.228    1.1198   2.228     .117     .502    5.358E-01   -1.489E-02                             -3.682E-02
    2.0     .160    3.313    1.0701   3.317     .044     .323    5.496E-01   -3.664E-02                             -3.677E-02
    4.0     .224    4.427     .9732   4.432    -.085     .220    5.439E-01   -7.055E-02                             -3.672E-02
    6.0     .304    5.489     .7879   5.491    -.271     .143    4.860E-01   -1.229E-01                             -3.660E-02
    8.0     .387    6.371     .4815   6.363    -.504     .076    3.962E-01   -1.834E-01                             -3.631E-02
0                                    ALPHA     Q/QINF    EPSLON  D(EPSLON)/D(ALPHA)
0
                                    -16.0      1.000     -4.637         .433
                                    -12.0      1.000     -2.904         .442
                                     -8.0      1.000     -1.104         .454
                                     -4.0      1.000       .729         .474
                                     -2.0      1.000      1.692         .489
                                       .0      1.000      2.684         .491
                                      2.0      1.000      3.658         .478
                                      4.0      1.000      4.596         .449
                                      6.0      1.000      5.455         .410
                                      8.0      1.000      6.236         .391
1                               AUTOMATED STABILITY AND CONTROL METHODS PER APRIL 1976 VERSION OF DATCOM
                                                         DYNAMIC DERIVATIVES
                                        WING-BODY-VERTICAL TAIL-HORIZONTAL TAIL CONFIGURATION
                                                          TOTAL AIRCRAFT
 
 -----------------------  FLIGHT CONDITIONS  ------------------------           --------------  REFERENCE DIMENSIONS  ------------
  MACH    ALTITUDE   VELOCITY    PRESSURE    TEMPERATURE     REYNOLDS             REF.      REFERENCE LENGTH   MOMENT REF. CENTER
 NUMBER                                                       NUMBER              AREA       LONG.     LAT.     HORIZ      VERT
              M        M/SEC      N/ M**2       DEG K         1/ M                M**2         M         M         M         M
0  .300    8000.00      92.42   3.5651E+04     236.215     3.1677E+06            19.588      2.353     9.620     8.360      .000
                                                    DYNAMIC DERIVATIVES (PER DEGREE)
0           -------PITCHING-------    -----ACCELERATION------    --------------ROLLING--------------    --------YAWING--------
0   ALPHA       CLQ          CMQ           CLAD         CMAD         CLP          CYP          CNP          CNR          CLR
0
   -16.00    1.893E-01   -5.288E-01     4.880E-02   -1.788E-01   -4.607E-01   -1.398E-02    7.821E-02   -6.101E-02    1.612E-02
   -12.00                               4.974E-02   -1.822E-01   -4.518E-01   -1.782E-02    5.063E-02   -6.041E-02    2.095E-02
    -8.00                               5.115E-02   -1.874E-01   -4.387E-01   -2.136E-02    2.276E-02   -6.201E-02    2.506E-02
    -4.00                               5.335E-02   -1.954E-01   -4.378E-01   -2.441E-02   -4.724E-03   -6.560E-02    2.835E-02
    -2.00                               5.505E-02   -2.017E-01   -4.479E-01   -2.600E-02   -1.892E-02   -6.810E-02    2.991E-02
      .00                               5.535E-02   -2.028E-01   -4.580E-01   -2.767E-02   -3.341E-02   -7.112E-02    3.145E-02
     2.00                               5.383E-02   -1.972E-01   -4.645E-01   -2.939E-02   -4.821E-02   -7.469E-02    3.296E-02
     4.00                               5.061E-02   -1.854E-01   -4.476E-01   -3.120E-02   -6.400E-02   -7.881E-02    3.440E-02
     6.00                               4.619E-02   -1.692E-01   -3.782E-01   -3.284E-02   -8.107E-02   -8.313E-02    3.546E-02
     8.00                               4.401E-02   -1.612E-01   -2.780E-01   -3.347E-02   -9.568E-02   -8.691E-02    3.564E-02
0*** VEHICLE WEIGHT = ********* N. 
0*** LEVEL FLIGHT LIFT COEFFICIENT =********
1                            AUTOMATED STABILITY AND CONTROL METHODS PER APRIL 1976 VERSION OF DATCOM
                                         CHARACTERISTICS OF HIGH LIFT AND CONTROL DEVICES
                                            TAIL PLAIN TRAILING-EDGE FLAP CONFIGURATION
                                                          TOTAL AIRCRAFT
 -----------------------  FLIGHT CONDITIONS  ------------------------           --------------  REFERENCE DIMENSIONS  ------------
  MACH    ALTITUDE   VELOCITY    PRESSURE    TEMPERATURE     REYNOLDS             REF.      REFERENCE LENGTH   MOMENT REF. CENTER
 NUMBER                                                       NUMBER              AREA       LONG.     LAT.     HORIZ      VERT
              M        M/SEC      N/ M**2       DEG K         1/ M                M**2         M         M         M         M
0  .300    8000.00      92.42   1.5551E+01     765.336     2.9429E+05            19.588      2.353     9.620     8.360      .000
0            ---------INCREMENTS DUE TO DEFLECTION---------              ---DERIVATIVES (PER DEGREE)---
0     DELTA     D(CL)     D(CM)    D(CL MAX)    D(CD MIN)                (CLA)D     (CH)A       (CH)D


      -20.0     -.139        nan      .678       .05696                  NDM      -5.873E-03  -1.383E-02
      -10.0     -.091        nan      .392       .01911                  NDM                  -1.281E-02
       -5.0     -.045        nan      .202       .00955                  NDM                  -1.281E-02
         .0      .000        nan      .000       .00002                  NDM                  -1.281E-02
        7.5      .068        nan      .297       .01433                  NDM                  -1.281E-02
       15.0      .130        nan      .547       .03787                  NDM                  -1.300E-02
       20.0      .139        nan      .678       .05696                  NDM                  -1.383E-02
0  *** NOTE * HINGE MOMENT DERIVATIVES ARE BASED ON TWICE THE AREA-MOMENT OF THE CONTROL ABOUT ITS HINGE LINE

0            --------- INDUCED DRAG COEFFICIENT INCREMENT , D(CDI) , DUE TO DEFLECTION ---------
0       DELTA = -20.0     -10.0      -5.0        .0       7.5      15.0      20.0
   ALPHA
0
   -16.0        1.12E-01  6.27E-02  2.66E-02 -4.38E-05 -2.23E-02 -2.41E-02 -2.28E-02
   -12.0        9.22E-02  4.99E-02  2.02E-02 -3.11E-05 -1.27E-02 -5.73E-03 -3.22E-03
    -8.0        7.32E-02  3.75E-02  1.41E-02 -1.87E-05 -3.40E-03  1.21E-02  1.58E-02
    -4.0        5.45E-02  2.53E-02  7.95E-03 -6.46E-06  5.75E-03  2.96E-02  3.46E-02
    -2.0        4.55E-02  1.95E-02  5.03E-03 -6.17E-07  1.01E-02  3.80E-02  4.35E-02
      .0        3.68E-02  1.38E-02  2.20E-03  5.06E-06  1.44E-02  4.61E-02  5.23E-02
     2.0        2.79E-02  8.04E-03 -6.95E-04  1.08E-05  1.87E-02  5.44E-02  6.11E-02
     4.0        1.87E-02  2.06E-03 -3.68E-03  1.68E-05  2.32E-02  6.30E-02  7.03E-02
     6.0        8.83E-03 -4.37E-03 -6.90E-03  2.32E-05  2.80E-02  7.22E-02  8.02E-02
     8.0       -1.71E-03 -1.12E-02 -1.03E-02  3.01E-05  3.32E-02  8.21E-02  9.07E-02
0***NDM PRINTED WHEN NO DATCOM METHODS EXIST
 WARNING*** BODY ALONE DYNAMIC DERIVATIVE METHOD VALID FOR NOSE CYLINDER ONLY
            TAIL EFFECTS IGNORED]
1                               AUTOMATED STABILITY AND CONTROL METHODS PER APRIL 1976 VERSION OF DATCOM
                                         CHARACTERISTICS AT ANGLE OF ATTACK AND IN SIDESLIP
                                        WING-BODY-VERTICAL TAIL-HORIZONTAL TAIL CONFIGURATION
                                                          TOTAL AIRCRAFT
 
 -----------------------  FLIGHT CONDITIONS  ------------------------           --------------  REFERENCE DIMENSIONS  ------------
  MACH    ALTITUDE   VELOCITY    PRESSURE    TEMPERATURE     REYNOLDS             REF.      REFERENCE LENGTH   MOMENT REF. CENTER
 NUMBER                                                       NUMBER              AREA       LONG.     LAT.     HORIZ      VERT
              M        M/SEC      N/ M**2       DEG K         1/ M                M**2         M         M         M         M
0  .350    8000.00     107.82   3.5651E+04     236.215     3.6957E+06            19.588      2.353     9.620     8.360      .000
0                                                               -------------------DERIVATIVE (PER DEGREE)-------------------
0 ALPHA     CD       CL       CM       CN       CA       XCP        CLA          CMA          CYB          CNB          CLB
0
  -16.0     .394   -5.896     .0173  -5.776   -1.247    -.003    4.572E-01    3.788E-01   -6.554E-02    2.022E-02   -3.813E-02
  -12.0     .233   -3.931     .6277  -3.893    -.590    -.161    5.009E-01    1.238E-01                             -3.753E-02
   -8.0     .129   -1.889    1.0081  -1.888    -.135    -.534    5.088E-01    6.104E-02                             -3.721E-02
   -4.0     .088     .140    1.1160    .133     .098    8.376    5.131E-01    1.349E-02                             -3.706E-02
   -2.0     .093    1.172    1.1295   1.168     .133     .967    5.213E-01   -7.623E-04                             -3.699E-02
     .0     .116    2.225    1.1130   2.225     .116     .500    5.317E-01   -1.919E-02                             -3.693E-02
    2.0     .158    3.299    1.0528   3.302     .043     .319    5.429E-01   -4.367E-02                             -3.686E-02
    4.0     .221    4.396     .9383   4.401    -.086     .213    5.127E-01   -8.913E-02                             -3.679E-02
    6.0     .292    5.349     .6963   5.351    -.269     .130    4.366E-01   -1.483E-01                             -3.658E-02
    8.0     .365    6.143     .3452   6.134    -.493     .056    3.567E-01   -2.028E-01                             -3.620E-02
0                                    ALPHA     Q/QINF    EPSLON  D(EPSLON)/D(ALPHA)
0
                                    -16.0      1.000     -4.585         .421
                                    -12.0      1.000     -2.899         .435
                                     -8.0      1.000     -1.105         .454
                                     -4.0      1.000       .732         .474
                                     -2.0      1.000      1.693         .488
                                       .0      1.000      2.682         .488
                                      2.0      1.000      3.647         .470
                                      4.0      1.000      4.563         .431
                                      6.0      1.000      5.372         .385
                                      8.0      1.000      6.102         .365
1                               AUTOMATED STABILITY AND CONTROL METHODS PER APRIL 1976 VERSION OF DATCOM
                                                         DYNAMIC DERIVATIVES
                                        WING-BODY-VERTICAL TAIL-HORIZONTAL TAIL CONFIGURATION
                                                          TOTAL AIRCRAFT
 
 -----------------------  FLIGHT CONDITIONS  ------------------------           --------------  REFERENCE DIMENSIONS  ------------
  MACH    ALTITUDE   VELOCITY    PRESSURE    TEMPERATURE     REYNOLDS             REF.      REFERENCE LENGTH   MOMENT REF. CENTER
 NUMBER                                                       NUMBER              AREA       LONG.     LAT.     HORIZ      VERT
              M        M/SEC      N/ M**2       DEG K         1/ M                M**2         M         M         M         M
0  .350    8000.00     107.82   3.5651E+04     236.215     3.6957E+06            19.588      2.353     9.620     8.360      .000
                                                    DYNAMIC DERIVATIVES (PER DEGREE)
0           -------PITCHING-------    -----ACCELERATION------    --------------ROLLING--------------    --------YAWING--------
0   ALPHA       CLQ          CMQ           CLAD         CMAD         CLP          CYP          CNP          CNR          CLR
0
   -16.00    1.815E-01   -4.943E-01     4.329E-02   -1.586E-01   -4.309E-01   -1.461E-02    7.751E-02   -6.089E-02    1.638E-02
   -12.00                               4.468E-02   -1.637E-01   -4.399E-01   -1.805E-02    5.069E-02   -6.063E-02    2.097E-02
    -8.00                               4.663E-02   -1.708E-01   -4.381E-01   -2.150E-02    2.281E-02   -6.228E-02    2.513E-02
    -4.00                               4.864E-02   -1.782E-01   -4.383E-01   -2.454E-02   -4.709E-03   -6.589E-02    2.853E-02
    -2.00                               5.009E-02   -1.835E-01   -4.460E-01   -2.611E-02   -1.887E-02   -6.840E-02    3.014E-02
      .00                               5.018E-02   -1.838E-01   -4.531E-01   -2.772E-02   -3.329E-02   -7.141E-02    3.170E-02
     2.00                               4.830E-02   -1.769E-01   -4.567E-01   -2.936E-02   -4.797E-02   -7.495E-02    3.320E-02
     4.00                               4.430E-02   -1.623E-01   -4.134E-01   -3.115E-02   -6.440E-02   -7.900E-02    3.462E-02
     6.00                               3.953E-02   -1.448E-01   -3.270E-01   -3.228E-02   -8.036E-02   -8.282E-02    3.523E-02
     8.00                               3.751E-02   -1.374E-01   -2.425E-01   -3.246E-02   -9.327E-02   -8.614E-02    3.509E-02
0*** VEHICLE WEIGHT = ********* N. 
0*** LEVEL FLIGHT LIFT COEFFICIENT =********
1                            AUTOMATED STABILITY AND CONTROL METHODS PER APRIL 1976 VERSION OF DATCOM
                                         CHARACTERISTICS OF HIGH LIFT AND CONTROL DEVICES
                                            TAIL PLAIN TRAILING-EDGE FLAP CONFIGURATION
                                                          TOTAL AIRCRAFT
 -----------------------  FLIGHT CONDITIONS  ------------------------           --------------  REFERENCE DIMENSIONS  ------------
  MACH    ALTITUDE   VELOCITY    PRESSURE    TEMPERATURE     REYNOLDS             REF.      REFERENCE LENGTH   MOMENT REF. CENTER
 NUMBER                                                       NUMBER              AREA       LONG.     LAT.     HORIZ      VERT
              M        M/SEC      N/ M**2       DEG K         1/ M                M**2         M         M         M         M
0  .350    8000.00     107.82   1.5551E+01     765.336     3.4334E+05            19.588      2.353     9.620     8.360      .000
0            ---------INCREMENTS DUE TO DEFLECTION---------              ---DERIVATIVES (PER DEGREE)---
0     DELTA     D(CL)     D(CM)    D(CL MAX)    D(CD MIN)                (CLA)D     (CH)A       (CH)D


      -20.0     -.126        nan      .678       .05695                  NDM      -5.995E-03  -1.410E-02
      -10.0     -.082        nan      .392       .01910                  NDM                  -1.306E-02
       -5.0     -.041        nan      .202       .00955                  NDM                  -1.306E-02
         .0      .000        nan      .000       .00002                  NDM                  -1.306E-02
        7.5      .061        nan      .297       .01432                  NDM                  -1.306E-02
       15.0      .118        nan      .547       .03786                  NDM                  -1.325E-02
       20.0      .126        nan      .678       .05695                  NDM                  -1.410E-02
0  *** NOTE * HINGE MOMENT DERIVATIVES ARE BASED ON TWICE THE AREA-MOMENT OF THE CONTROL ABOUT ITS HINGE LINE

0            --------- INDUCED DRAG COEFFICIENT INCREMENT , D(CDI) , DUE TO DEFLECTION ---------
0       DELTA = -20.0     -10.0      -5.0        .0       7.5      15.0      20.0
   ALPHA
0
   -16.0        1.13E-01  6.34E-02  2.70E-02 -4.45E-05 -2.28E-02 -2.51E-02 -2.39E-02
   -12.0        9.27E-02  5.02E-02  2.04E-02 -3.14E-05 -1.29E-02 -6.18E-03 -3.70E-03
    -8.0        7.34E-02  3.77E-02  1.41E-02 -1.88E-05 -3.52E-03  1.18E-02  1.56E-02
    -4.0        5.46E-02  2.54E-02  7.99E-03 -6.53E-06  5.69E-03  2.95E-02  3.44E-02
    -2.0        4.55E-02  1.95E-02  5.04E-03 -6.29E-07  1.01E-02  3.79E-02  4.35E-02
      .0        3.67E-02  1.38E-02  2.17E-03  5.11E-06  1.44E-02  4.62E-02  5.23E-02
     2.0        2.76E-02  7.88E-03 -7.75E-04  1.10E-05  1.88E-02  5.46E-02  6.14E-02
     4.0        1.82E-02  1.72E-03 -3.86E-03  1.72E-05  2.35E-02  6.35E-02  7.08E-02
     6.0        7.78E-03 -5.05E-03 -7.24E-03  2.39E-05  2.85E-02  7.32E-02  8.12E-02
     8.0       -3.31E-03 -1.23E-02 -1.08E-02  3.11E-05  3.39E-02  8.35E-02  9.23E-02
0***NDM PRINTED WHEN NO DATCOM METHODS EXIST
 WARNING*** BODY ALONE DYNAMIC DERIVATIVE METHOD VALID FOR NOSE CYLINDER ONLY
            TAIL EFFECTS IGNORED]
1                               AUTOMATED STABILITY AND CONTROL METHODS PER APRIL 1976 VERSION OF DATCOM
                                         CHARACTERISTICS AT ANGLE OF ATTACK AND IN SIDESLIP
                                        WING-BODY-VERTICAL TAIL-HORIZONTAL TAIL CONFIGURATION
                                                          TOTAL AIRCRAFT
 
 -----------------------  FLIGHT CONDITIONS  ------------------------           --------------  REFERENCE DIMENSIONS  ------------
  MACH    ALTITUDE   VELOCITY    PRESSURE    TEMPERATURE     REYNOLDS             REF.      REFERENCE LENGTH   MOMENT REF. CENTER
 NUMBER                                                       NUMBER              AREA       LONG.     LAT.     HORIZ      VERT
              M        M/SEC      N/ M**2       DEG K         1/ M                M**2         M         M         M         M
0  .100   15000.00      29.50   1.2111E+04     216.650     4.0235E+05            19.588      2.353     9.620     8.360      .000
0                                                               -------------------DERIVATIVE (PER DEGREE)-------------------
0 ALPHA     CD       CL       CM       CN       CA       XCP        CLA          CMA          CYB          CNB          CLB
0
  -16.0     .445   -6.038    -.0981  -5.927   -1.237     .017    5.085E-01    4.093E-01   -6.480E-02    2.410E-02   -3.749E-02
  -12.0     .273   -3.931     .5951  -3.902    -.550    -.152    5.223E-01    1.373E-01                             -3.707E-02
   -8.0     .169   -1.859    1.0003  -1.865    -.092    -.536    5.086E-01    6.421E-02                             -3.682E-02
   -4.0     .129     .137    1.1088    .128     .138    8.671    5.084E-01    1.663E-02                             -3.668E-02
   -2.0     .134    1.163    1.1316   1.158     .174     .977    5.223E-01    6.221E-03                             -3.662E-02
     .0     .158    2.226    1.1337   2.226     .158     .509    5.409E-01   -7.191E-03                             -3.657E-02
    2.0     .202    3.327    1.1028   3.332     .086     .331    5.598E-01   -2.502E-02                             -3.654E-02
    4.0     .268    4.465    1.0336   4.473    -.044     .231    5.770E-01   -4.658E-02                             -3.652E-02
    6.0     .359    5.635     .9165   5.641    -.232     .162    5.698E-01   -7.589E-02                             -3.651E-02
    8.0     .466    6.744     .7301   6.744    -.478     .108    5.401E-01   -1.105E-01                             -3.642E-02
0                                    ALPHA     Q/QINF    EPSLON  D(EPSLON)/D(ALPHA)
0
                                    -16.0      1.000     -4.670         .441
                                    -12.0      1.000     -2.906         .447
                                     -8.0      1.000     -1.098         .454
                                     -4.0      1.000       .723         .473
                                     -2.0      1.000      1.686         .490
                                       .0      1.000      2.682         .496
                                      2.0      1.000      3.668         .488
                                      4.0      1.000      4.633         .473
                                      6.0      1.000      5.559         .457
                                      8.0      1.000      6.461         .451
1                               AUTOMATED STABILITY AND CONTROL METHODS PER APRIL 1976 VERSION OF DATCOM
                                                         DYNAMIC DERIVATIVES
                                        WING-BODY-VERTICAL TAIL-HORIZONTAL TAIL CONFIGURATION
                                                          TOTAL AIRCRAFT
 
 -----------------------  FLIGHT CONDITIONS  ------------------------           --------------  REFERENCE DIMENSIONS  ------------
  MACH    ALTITUDE   VELOCITY    PRESSURE    TEMPERATURE     REYNOLDS             REF.      REFERENCE LENGTH   MOMENT REF. CENTER
 NUMBER                                                       NUMBER              AREA       LONG.     LAT.     HORIZ      VERT
              M        M/SEC      N/ M**2       DEG K         1/ M                M**2         M         M         M         M
0  .100   15000.00      29.50   1.2111E+04     216.650     4.0235E+05            19.588      2.353     9.620     8.360      .000
                                                    DYNAMIC DERIVATIVES (PER DEGREE)
0           -------PITCHING-------    -----ACCELERATION------    --------------ROLLING--------------    --------YAWING--------
0   ALPHA       CLQ          CMQ           CLAD         CMAD         CLP          CYP          CNP          CNR          CLR
0
   -16.00    1.898E-01   -5.433E-01     5.194E-02   -1.903E-01   -4.767E-01   -1.298E-02    7.910E-02   -6.147E-02    1.612E-02
   -12.00                               5.259E-02   -1.927E-01   -4.576E-01   -1.719E-02    5.079E-02   -6.059E-02    2.095E-02
    -8.00                               5.343E-02   -1.957E-01   -4.349E-01   -2.090E-02    2.265E-02   -6.212E-02    2.491E-02
    -4.00                               5.568E-02   -2.040E-01   -4.322E-01   -2.397E-02   -4.766E-03   -6.567E-02    2.792E-02
    -2.00                               5.769E-02   -2.114E-01   -4.462E-01   -2.561E-02   -1.902E-02   -6.814E-02    2.937E-02
      .00                               5.837E-02   -2.138E-01   -4.617E-01   -2.737E-02   -3.365E-02   -7.115E-02    3.085E-02
     2.00                               5.746E-02   -2.105E-01   -4.734E-01   -2.922E-02   -4.865E-02   -7.476E-02    3.233E-02
     4.00                               5.568E-02   -2.040E-01   -4.814E-01   -3.114E-02   -6.399E-02   -7.898E-02    3.379E-02
     6.00                               5.383E-02   -1.972E-01   -4.649E-01   -3.319E-02   -8.060E-02   -8.383E-02    3.521E-02
     8.00                               5.315E-02   -1.947E-01   -4.260E-01   -3.486E-02   -9.670E-02   -8.886E-02    3.625E-02
0*** VEHICLE WEIGHT = ********* N. 
0*** LEVEL FLIGHT LIFT COEFFICIENT =********
1                            AUTOMATED STABILITY AND CONTROL METHODS PER APRIL 1976 VERSION OF DATCOM
                                         CHARACTERISTICS OF HIGH LIFT AND CONTROL DEVICES
                                            TAIL PLAIN TRAILING-EDGE FLAP CONFIGURATION
                                                          TOTAL AIRCRAFT
 -----------------------  FLIGHT CONDITIONS  ------------------------           --------------  REFERENCE DIMENSIONS  ------------
  MACH    ALTITUDE   VELOCITY    PRESSURE    TEMPERATURE     REYNOLDS             REF.      REFERENCE LENGTH   MOMENT REF. CENTER
 NUMBER                                                       NUMBER              AREA       LONG.     LAT.     HORIZ      VERT
              M        M/SEC      N/ M**2       DEG K         1/ M                M**2         M         M         M         M
0  .100   15000.00      29.50   5.2830E+00     701.946     3.7380E+04            19.588      2.353     9.620     8.360      .000
0            ---------INCREMENTS DUE TO DEFLECTION---------              ---DERIVATIVES (PER DEGREE)---
0     DELTA     D(CL)     D(CM)    D(CL MAX)    D(CD MIN)                (CLA)D     (CH)A       (CH)D


      -20.0     -.135        nan      .678       .05696                  NDM      -5.364E-03  -1.392E-02
      -10.0     -.088        nan      .392       .01911                  NDM                  -1.303E-02
       -5.0     -.044        nan      .202       .00955                  NDM                  -1.303E-02
         .0      .000        nan      .000       .00002                  NDM                  -1.303E-02
        7.5      .066        nan      .297       .01433                  NDM                  -1.303E-02
       15.0      .126        nan      .547       .03787                  NDM                  -1.319E-02
       20.0      .135        nan      .678       .05696                  NDM                  -1.392E-02
0  *** NOTE * HINGE MOMENT DERIVATIVES ARE BASED ON TWICE THE AREA-MOMENT OF THE CONTROL ABOUT ITS HINGE LINE

0            --------- INDUCED DRAG COEFFICIENT INCREMENT , D(CDI) , DUE TO DEFLECTION ---------
0       DELTA = -20.0     -10.0      -5.0        .0       7.5      15.0      20.0
   ALPHA
0
   -16.0        9.63E-02  5.44E-02  2.33E-02 -3.88E-05 -2.04E-02 -2.37E-02 -2.29E-02
   -12.0        7.91E-02  4.32E-02  1.77E-02 -2.76E-05 -1.20E-02 -7.58E-03 -5.71E-03
    -8.0        6.23E-02  3.22E-02  1.22E-02 -1.66E-05 -3.73E-03  8.17E-03  1.11E-02
    -4.0        4.55E-02  2.13E-02  6.75E-03 -5.71E-06  4.45E-03  2.38E-02  2.79E-02
    -2.0        3.75E-02  1.61E-02  4.15E-03 -5.19E-07  8.35E-03  3.13E-02  3.59E-02
      .0        2.98E-02  1.11E-02  1.64E-03  4.51E-06  1.21E-02  3.85E-02  4.36E-02
     2.0        2.20E-02  5.98E-03 -8.96E-04  9.58E-06  1.59E-02  4.58E-02  5.14E-02
     4.0        1.40E-02  8.04E-04 -3.49E-03  1.48E-05  1.98E-02  5.32E-02  5.94E-02
     6.0        5.79E-03 -4.58E-03 -6.18E-03  2.01E-05  2.38E-02  6.10E-02  6.76E-02
     8.0       -2.66E-03 -1.01E-02 -8.92E-03  2.56E-05  2.80E-02  6.88E-02  7.61E-02
0***NDM PRINTED WHEN NO DATCOM METHODS EXIST
 WARNING*** BODY ALONE DYNAMIC DERIVATIVE METHOD VALID FOR NOSE CYLINDER ONLY
            TAIL EFFECTS IGNORED]
1                               AUTOMATED STABILITY AND CONTROL METHODS PER APRIL 1976 VERSION OF DATCOM
                                         CHARACTERISTICS AT ANGLE OF ATTACK AND IN SIDESLIP
                                        WING-BODY-VERTICAL TAIL-HORIZONTAL TAIL CONFIGURATION
                                                          TOTAL AIRCRAFT
 
 -----------------------  FLIGHT CONDITIONS  ------------------------           --------------  REFERENCE DIMENSIONS  ------------
  MACH    ALTITUDE   VELOCITY    PRESSURE    TEMPERATURE     REYNOLDS             REF.      REFERENCE LENGTH   MOMENT REF. CENTER
 NUMBER                                                       NUMBER              AREA       LONG.     LAT.     HORIZ      VERT
              M        M/SEC      N/ M**2       DEG K         1/ M                M**2         M         M         M         M
0  .200   15000.00      59.01   1.2111E+04     216.650     8.0470E+05            19.588      2.353     9.620     8.360      .000
0                                                               -------------------DERIVATIVE (PER DEGREE)-------------------
0 ALPHA     CD       CL       CM       CN       CA       XCP        CLA          CMA          CYB          CNB          CLB
0
  -16.0     .431   -6.068    -.1046  -5.952   -1.258     .018    5.103E-01    4.104E-01   -6.499E-02    2.285E-02   -3.759E-02
  -12.0     .258   -3.954     .5928  -3.921    -.570    -.151    5.247E-01    1.381E-01                             -3.716E-02
   -8.0     .153   -1.871    1.0006  -1.874    -.109    -.534    5.115E-01    6.480E-02                             -3.692E-02
   -4.0     .113     .139    1.1111    .130     .122    8.521    5.115E-01    1.698E-02                             -3.677E-02
   -2.0     .118    1.171    1.1344   1.166     .158     .973    5.253E-01    6.328E-03                             -3.672E-02
     .0     .142    2.240    1.1364   2.240     .142     .507    5.437E-01   -7.384E-03                             -3.667E-02
    2.0     .186    3.346    1.1049   3.350     .069     .330    5.624E-01   -2.552E-02                             -3.664E-02
    4.0     .253    4.489    1.0344   4.496    -.060     .230    5.794E-01   -4.746E-02                             -3.663E-02
    6.0     .344    5.663     .9151   5.668    -.250     .161    5.697E-01   -7.811E-02                             -3.661E-02
    8.0     .451    6.768     .7219   6.765    -.495     .107    5.351E-01   -1.150E-01                             -3.652E-02
0                                    ALPHA     Q/QINF    EPSLON  D(EPSLON)/D(ALPHA)
0
                                    -16.0      1.000     -4.685         .442
                                    -12.0      1.000     -2.917         .448
                                     -8.0      1.000     -1.102         .455
                                     -4.0      1.000       .726         .474
                                     -2.0      1.000      1.692         .492
                                       .0      1.000      2.692         .497
                                      2.0      1.000      3.681         .489
                                      4.0      1.000      4.649         .474
                                      6.0      1.000      5.575         .457
                                      8.0      1.000      6.475         .450
1                               AUTOMATED STABILITY AND CONTROL METHODS PER APRIL 1976 VERSION OF DATCOM
                                                         DYNAMIC DERIVATIVES
                                        WING-BODY-VERTICAL TAIL-HORIZONTAL TAIL CONFIGURATION
                                                          TOTAL AIRCRAFT
 
 -----------------------  FLIGHT CONDITIONS  ------------------------           --------------  REFERENCE DIMENSIONS  ------------
  MACH    ALTITUDE   VELOCITY    PRESSURE    TEMPERATURE     REYNOLDS             REF.      REFERENCE LENGTH   MOMENT REF. CENTER
 NUMBER                                                       NUMBER              AREA       LONG.     LAT.     HORIZ      VERT
              M        M/SEC      N/ M**2       DEG K         1/ M                M**2         M         M         M         M
0  .200   15000.00      59.01   1.2111E+04     216.650     8.0470E+05            19.588      2.353     9.620     8.360      .000
                                                    DYNAMIC DERIVATIVES (PER DEGREE)
0           -------PITCHING-------    -----ACCELERATION------    --------------ROLLING--------------    --------YAWING--------
0   ALPHA       CLQ          CMQ           CLAD         CMAD         CLP          CYP          CNP          CNR          CLR
0
   -16.00    1.905E-01   -5.398E-01     5.166E-02   -1.892E-01   -4.795E-01   -1.317E-02    7.913E-02   -6.144E-02    1.594E-02
   -12.00                               5.233E-02   -1.917E-01   -4.609E-01   -1.737E-02    5.084E-02   -6.053E-02    2.088E-02
    -8.00                               5.319E-02   -1.949E-01   -4.385E-01   -2.108E-02    2.270E-02   -6.205E-02    2.496E-02
    -4.00                               5.544E-02   -2.031E-01   -4.360E-01   -2.415E-02   -4.753E-03   -6.561E-02    2.808E-02
    -2.00                               5.743E-02   -2.104E-01   -4.499E-01   -2.579E-02   -1.902E-02   -6.810E-02    2.959E-02
      .00                               5.809E-02   -2.128E-01   -4.651E-01   -2.755E-02   -3.365E-02   -7.114E-02    3.112E-02
     2.00                               5.716E-02   -2.094E-01   -4.767E-01   -2.940E-02   -4.865E-02   -7.477E-02    3.265E-02
     4.00                               5.535E-02   -2.028E-01   -4.844E-01   -3.132E-02   -6.399E-02   -7.902E-02    3.417E-02
     6.00                               5.336E-02   -1.955E-01   -4.652E-01   -3.337E-02   -8.070E-02   -8.390E-02    3.564E-02
     8.00                               5.258E-02   -1.926E-01   -4.210E-01   -3.499E-02   -9.683E-02   -8.893E-02    3.669E-02
0*** VEHICLE WEIGHT = ********* N. 
0*** LEVEL FLIGHT LIFT COEFFICIENT =********
1                            AUTOMATED STABILITY AND CONTROL METHODS PER APRIL 1976 VERSION OF DATCOM
                                         CHARACTERISTICS OF HIGH LIFT AND CONTROL DEVICES
                                            TAIL PLAIN TRAILING-EDGE FLAP CONFIGURATION
                                                          TOTAL AIRCRAFT
 -----------------------  FLIGHT CONDITIONS  ------------------------           --------------  REFERENCE DIMENSIONS  ------------
  MACH    ALTITUDE   VELOCITY    PRESSURE    TEMPERATURE     REYNOLDS             REF.      REFERENCE LENGTH   MOMENT REF. CENTER
 NUMBER                                                       NUMBER              AREA       LONG.     LAT.     HORIZ      VERT
              M        M/SEC      N/ M**2       DEG K         1/ M                M**2         M         M         M         M
0  .200   15000.00      59.01   5.2830E+00     701.946     7.4759E+04            19.588      2.353     9.620     8.360      .000
0            ---------INCREMENTS DUE TO DEFLECTION---------              ---DERIVATIVES (PER DEGREE)---
0     DELTA     D(CL)     D(CM)    D(CL MAX)    D(CD MIN)                (CLA)D     (CH)A       (CH)D


      -20.0     -.137        nan      .678       .05696                  NDM      -5.575E-03  -1.390E-02
      -10.0     -.089        nan      .392       .01911                  NDM                  -1.296E-02
       -5.0     -.045        nan      .202       .00955                  NDM                  -1.296E-02
         .0      .000        nan      .000       .00002                  NDM                  -1.296E-02
        7.5      .067        nan      .297       .01433                  NDM                  -1.296E-02
       15.0      .128        nan      .547       .03787                  NDM                  -1.313E-02
       20.0      .137        nan      .678       .05696                  NDM                  -1.390E-02
0  *** NOTE * HINGE MOMENT DERIVATIVES ARE BASED ON TWICE THE AREA-MOMENT OF THE CONTROL ABOUT ITS HINGE LINE

0            --------- INDUCED DRAG COEFFICIENT INCREMENT , D(CDI) , DUE TO DEFLECTION ---------
0       DELTA = -20.0     -10.0      -5.0        .0       7.5      15.0      20.0
   ALPHA
0
   -16.0        1.01E-01  5.70E-02  2.44E-02 -4.04E-05 -2.09E-02 -2.37E-02 -2.28E-02
   -12.0        8.34E-02  4.54E-02  1.85E-02 -2.87E-05 -1.22E-02 -6.94E-03 -4.85E-03
    -8.0        6.59E-02  3.40E-02  1.28E-02 -1.73E-05 -3.63E-03  9.44E-03  1.27E-02
    -4.0        4.85E-02  2.26E-02  7.15E-03 -5.97E-06  4.87E-03  2.57E-02  3.01E-02
    -2.0        4.02E-02  1.72E-02  4.46E-03 -5.74E-07  8.92E-03  3.35E-02  3.84E-02
      .0        3.22E-02  1.20E-02  1.85E-03  4.65E-06  1.28E-02  4.10E-02  4.64E-02
     2.0        2.41E-02  6.74E-03 -7.93E-04  9.93E-06  1.68E-02  4.85E-02  5.45E-02
     4.0        1.58E-02  1.35E-03 -3.49E-03  1.53E-05  2.08E-02  5.63E-02  6.28E-02
     6.0        7.18E-03 -4.25E-03 -6.29E-03  2.09E-05  2.50E-02  6.43E-02  7.14E-02
     8.0       -1.64E-03 -1.00E-02 -9.16E-03  2.67E-05  2.93E-02  7.26E-02  8.02E-02
0***NDM PRINTED WHEN NO DATCOM METHODS EXIST
 WARNING*** BODY ALONE DYNAMIC DERIVATIVE METHOD VALID FOR NOSE CYLINDER ONLY
            TAIL EFFECTS IGNORED]
1                               AUTOMATED STABILITY AND CONTROL METHODS PER APRIL 1976 VERSION OF DATCOM
                                         CHARACTERISTICS AT ANGLE OF ATTACK AND IN SIDESLIP
                                        WING-BODY-VERTICAL TAIL-HORIZONTAL TAIL CONFIGURATION
                                                          TOTAL AIRCRAFT
 
 -----------------------  FLIGHT CONDITIONS  ------------------------           --------------  REFERENCE DIMENSIONS  ------------
  MACH    ALTITUDE   VELOCITY    PRESSURE    TEMPERATURE     REYNOLDS             REF.      REFERENCE LENGTH   MOMENT REF. CENTER
 NUMBER                                                       NUMBER              AREA       LONG.     LAT.     HORIZ      VERT
              M        M/SEC      N/ M**2       DEG K         1/ M                M**2         M         M         M         M
0  .250   15000.00      73.76   1.2111E+04     216.650     1.0059E+06            19.588      2.353     9.620     8.360      .000
0                                                               -------------------DERIVATIVE (PER DEGREE)-------------------
0 ALPHA     CD       CL       CM       CN       CA       XCP        CLA          CMA          CYB          CNB          CLB
0
  -16.0     .424   -6.030    -.0716  -5.913   -1.255     .012    5.003E-01    4.036E-01   -6.513E-02    2.252E-02   -3.772E-02
  -12.0     .254   -3.946     .6080  -3.912    -.572    -.155    5.194E-01    1.349E-01                             -3.726E-02
   -8.0     .149   -1.875    1.0073  -1.878    -.113    -.536    5.105E-01    6.354E-02                             -3.700E-02
   -4.0     .109     .139    1.1163    .131     .118    8.542    5.117E-01    1.580E-02                             -3.685E-02
   -2.0     .113    1.170    1.1365   1.166     .154     .975    5.238E-01    4.129E-03                             -3.679E-02
     .0     .138    2.234    1.1329   2.234     .138     .507    5.399E-01   -1.092E-02                             -3.674E-02
    2.0     .181    3.330    1.0928   3.334     .065     .328    5.563E-01   -3.032E-02                             -3.670E-02
    4.0     .247    4.459    1.0116   4.465    -.065     .227    5.712E-01   -5.427E-02                             -3.667E-02
    6.0     .336    5.615     .8757   5.619    -.253     .156    5.321E-01   -9.923E-02                             -3.663E-02
    8.0     .428    6.587     .6147   6.583    -.493     .093    4.404E-01   -1.619E-01                             -3.642E-02
0                                    ALPHA     Q/QINF    EPSLON  D(EPSLON)/D(ALPHA)
0
                                    -16.0      1.000     -4.662         .438
                                    -12.0      1.000     -2.910         .445
                                     -8.0      1.000     -1.103         .455
                                     -4.0      1.000       .727         .474
                                     -2.0      1.000      1.692         .490
                                       .0      1.000      2.688         .494
                                      2.0      1.000      3.669         .485
                                      4.0      1.000      4.628         .466
                                      6.0      1.000      5.532         .434
                                      8.0      1.000      6.364         .416
1                               AUTOMATED STABILITY AND CONTROL METHODS PER APRIL 1976 VERSION OF DATCOM
                                                         DYNAMIC DERIVATIVES
                                        WING-BODY-VERTICAL TAIL-HORIZONTAL TAIL CONFIGURATION
                                                          TOTAL AIRCRAFT
 
 -----------------------  FLIGHT CONDITIONS  ------------------------           --------------  REFERENCE DIMENSIONS  ------------
  MACH    ALTITUDE   VELOCITY    PRESSURE    TEMPERATURE     REYNOLDS             REF.      REFERENCE LENGTH   MOMENT REF. CENTER
 NUMBER                                                       NUMBER              AREA       LONG.     LAT.     HORIZ      VERT
              M        M/SEC      N/ M**2       DEG K         1/ M                M**2         M         M         M         M
0  .250   15000.00      73.76   1.2111E+04     216.650     1.0059E+06            19.588      2.353     9.620     8.360      .000
                                                    DYNAMIC DERIVATIVES (PER DEGREE)
0           -------PITCHING-------    -----ACCELERATION------    --------------ROLLING--------------    --------YAWING--------
0   ALPHA       CLQ          CMQ           CLAD         CMAD         CLP          CYP          CNP          CNR          CLR
0
   -16.00    1.912E-01   -5.405E-01     5.089E-02   -1.864E-01   -4.716E-01   -1.356E-02    7.869E-02   -6.136E-02    1.603E-02
   -12.00                               5.170E-02   -1.894E-01   -4.574E-01   -1.760E-02    5.073E-02   -6.060E-02    2.092E-02
    -8.00                               5.283E-02   -1.936E-01   -4.392E-01   -2.123E-02    2.273E-02   -6.215E-02    2.501E-02
    -4.00                               5.508E-02   -2.018E-01   -4.375E-01   -2.429E-02   -4.738E-03   -6.573E-02    2.820E-02
    -2.00                               5.696E-02   -2.087E-01   -4.496E-01   -2.591E-02   -1.897E-02   -6.822E-02    2.973E-02
      .00                               5.746E-02   -2.105E-01   -4.625E-01   -2.762E-02   -3.353E-02   -7.125E-02    3.126E-02
     2.00                               5.636E-02   -2.065E-01   -4.718E-01   -2.941E-02   -4.843E-02   -7.485E-02    3.278E-02
     4.00                               5.410E-02   -1.982E-01   -4.773E-01   -3.125E-02   -6.365E-02   -7.904E-02    3.426E-02
     6.00                               5.044E-02   -1.848E-01   -4.260E-01   -3.332E-02   -8.147E-02   -8.381E-02    3.569E-02
     8.00                               4.837E-02   -1.772E-01   -3.197E-01   -3.438E-02   -9.754E-02   -8.809E-02    3.619E-02
0*** VEHICLE WEIGHT = ********* N. 
0*** LEVEL FLIGHT LIFT COEFFICIENT =********
1                            AUTOMATED STABILITY AND CONTROL METHODS PER APRIL 1976 VERSION OF DATCOM
                                         CHARACTERISTICS OF HIGH LIFT AND CONTROL DEVICES
                                            TAIL PLAIN TRAILING-EDGE FLAP CONFIGURATION
                                                          TOTAL AIRCRAFT
 -----------------------  FLIGHT CONDITIONS  ------------------------           --------------  REFERENCE DIMENSIONS  ------------
  MACH    ALTITUDE   VELOCITY    PRESSURE    TEMPERATURE     REYNOLDS             REF.      REFERENCE LENGTH   MOMENT REF. CENTER
 NUMBER                                                       NUMBER              AREA       LONG.     LAT.     HORIZ      VERT
              M        M/SEC      N/ M**2       DEG K         1/ M                M**2         M         M         M         M
0  .250   15000.00      73.76   5.2830E+00     701.946     9.3449E+04            19.588      2.353     9.620     8.360      .000
0            ---------INCREMENTS DUE TO DEFLECTION---------              ---DERIVATIVES (PER DEGREE)---
0     DELTA     D(CL)     D(CM)    D(CL MAX)    D(CD MIN)                (CLA)D     (CH)A       (CH)D


      -20.0     -.137        nan      .678       .05696                  NDM      -5.684E-03  -1.400E-02
      -10.0     -.089        nan      .392       .01911                  NDM                  -1.304E-02
       -5.0     -.045        nan      .202       .00955                  NDM                  -1.304E-02
         .0      .000        nan      .000       .00002                  NDM                  -1.304E-02
        7.5      .067        nan      .297       .01433                  NDM                  -1.304E-02
       15.0      .128        nan      .547       .03787                  NDM                  -1.322E-02
       20.0      .137        nan      .678       .05696                  NDM                  -1.400E-02
0  *** NOTE * HINGE MOMENT DERIVATIVES ARE BASED ON TWICE THE AREA-MOMENT OF THE CONTROL ABOUT ITS HINGE LINE

0            --------- INDUCED DRAG COEFFICIENT INCREMENT , D(CDI) , DUE TO DEFLECTION ---------
0       DELTA = -20.0     -10.0      -5.0        .0       7.5      15.0      20.0
   ALPHA
0
   -16.0        1.03E-01  5.80E-02  2.48E-02 -4.11E-05 -2.13E-02 -2.41E-02 -2.32E-02
   -12.0        8.48E-02  4.61E-02  1.88E-02 -2.92E-05 -1.24E-02 -7.00E-03 -4.87E-03
    -8.0        6.70E-02  3.45E-02  1.30E-02 -1.76E-05 -3.66E-03  9.68E-03  1.30E-02
    -4.0        4.93E-02  2.30E-02  7.27E-03 -6.06E-06  4.96E-03  2.62E-02  3.06E-02
    -2.0        4.09E-02  1.75E-02  4.53E-03 -5.80E-07  9.08E-03  3.41E-02  3.91E-02
      .0        3.27E-02  1.22E-02  1.87E-03  4.74E-06  1.31E-02  4.17E-02  4.72E-02
     2.0        2.44E-02  6.82E-03 -8.24E-04  1.01E-05  1.71E-02  4.94E-02  5.55E-02
     4.0        1.60E-02  1.30E-03 -3.58E-03  1.56E-05  2.12E-02  5.74E-02  6.40E-02
     6.0        7.04E-03 -4.50E-03 -6.48E-03  2.15E-05  2.56E-02  6.57E-02  7.29E-02
     8.0       -2.46E-03 -1.07E-02 -9.58E-03  2.76E-05  3.02E-02  7.46E-02  8.24E-02
0***NDM PRINTED WHEN NO DATCOM METHODS EXIST
 WARNING*** BODY ALONE DYNAMIC DERIVATIVE METHOD VALID FOR NOSE CYLINDER ONLY
            TAIL EFFECTS IGNORED]
1                               AUTOMATED STABILITY AND CONTROL METHODS PER APRIL 1976 VERSION OF DATCOM
                                         CHARACTERISTICS AT ANGLE OF ATTACK AND IN SIDESLIP
                                        WING-BODY-VERTICAL TAIL-HORIZONTAL TAIL CONFIGURATION
                                                          TOTAL AIRCRAFT
 
 -----------------------  FLIGHT CONDITIONS  ------------------------           --------------  REFERENCE DIMENSIONS  ------------
  MACH    ALTITUDE   VELOCITY    PRESSURE    TEMPERATURE     REYNOLDS             REF.      REFERENCE LENGTH   MOMENT REF. CENTER
 NUMBER                                                       NUMBER              AREA       LONG.     LAT.     HORIZ      VERT
              M        M/SEC      N/ M**2       DEG K         1/ M                M**2         M         M         M         M
0  .300   15000.00      88.51   1.2111E+04     216.650     1.2071E+06            19.588      2.353     9.620     8.360      .000
0                                                               -------------------DERIVATIVE (PER DEGREE)-------------------
0 ALPHA     CD       CL       CM       CN       CA       XCP        CLA          CMA          CYB          CNB          CLB
0
  -16.0     .418   -5.988    -.0351  -5.871   -1.248     .006    4.885E-01    3.965E-01   -6.532E-02    2.230E-02   -3.789E-02
  -12.0     .251   -3.938     .6241  -3.904    -.573    -.160    5.134E-01    1.311E-01                             -3.738E-02
   -8.0     .147   -1.881    1.0137  -1.883    -.117    -.538    5.096E-01    6.219E-02                             -3.709E-02
   -4.0     .106     .139    1.1216    .131     .116    8.549    5.122E-01    1.453E-02                             -3.694E-02
   -2.0     .111    1.170    1.1382   1.166     .152     .976    5.224E-01    1.644E-03                             -3.688E-02
     .0     .135    2.228    1.1282   2.228     .135     .506    5.357E-01   -1.500E-02                             -3.682E-02
    2.0     .178    3.313    1.0782   3.317     .062     .325    5.496E-01   -3.675E-02                             -3.677E-02
    4.0     .242    4.427     .9812   4.433    -.067     .221    5.438E-01   -7.067E-02                             -3.672E-02
    6.0     .322    5.489     .7956   5.492    -.253     .145    4.860E-01   -1.231E-01                             -3.660E-02
    8.0     .405    6.371     .4889   6.365    -.486     .077    3.961E-01   -1.836E-01                             -3.631E-02
0                                    ALPHA     Q/QINF    EPSLON  D(EPSLON)/D(ALPHA)
0
                                    -16.0      1.000     -4.637         .433
                                    -12.0      1.000     -2.904         .442
                                     -8.0      1.000     -1.104         .454
                                     -4.0      1.000       .729         .474
                                     -2.0      1.000      1.692         .489
                                       .0      1.000      2.684         .491
                                      2.0      1.000      3.658         .478
                                      4.0      1.000      4.596         .449
                                      6.0      1.000      5.455         .410
                                      8.0      1.000      6.236         .391
1                               AUTOMATED STABILITY AND CONTROL METHODS PER APRIL 1976 VERSION OF DATCOM
                                                         DYNAMIC DERIVATIVES
                                        WING-BODY-VERTICAL TAIL-HORIZONTAL TAIL CONFIGURATION
                                                          TOTAL AIRCRAFT
 
 -----------------------  FLIGHT CONDITIONS  ------------------------           --------------  REFERENCE DIMENSIONS  ------------
  MACH    ALTITUDE   VELOCITY    PRESSURE    TEMPERATURE     REYNOLDS             REF.      REFERENCE LENGTH   MOMENT REF. CENTER
 NUMBER                                                       NUMBER              AREA       LONG.     LAT.     HORIZ      VERT
              M        M/SEC      N/ M**2       DEG K         1/ M                M**2         M         M         M         M
0  .300   15000.00      88.51   1.2111E+04     216.650     1.2071E+06            19.588      2.353     9.620     8.360      .000
                                                    DYNAMIC DERIVATIVES (PER DEGREE)
0           -------PITCHING-------    -----ACCELERATION------    --------------ROLLING--------------    --------YAWING--------
0   ALPHA       CLQ          CMQ           CLAD         CMAD         CLP          CYP          CNP          CNR          CLR
0
   -16.00    1.893E-01   -5.288E-01     4.880E-02   -1.788E-01   -4.609E-01   -1.398E-02    7.821E-02   -6.135E-02    1.612E-02
   -12.00                               4.974E-02   -1.822E-01   -4.520E-01   -1.782E-02    5.062E-02   -6.075E-02    2.095E-02
    -8.00                               5.115E-02   -1.874E-01   -4.388E-01   -2.136E-02    2.276E-02   -6.235E-02    2.506E-02
    -4.00                               5.335E-02   -1.954E-01   -4.380E-01   -2.441E-02   -4.724E-03   -6.594E-02    2.835E-02
    -2.00                               5.505E-02   -2.017E-01   -4.480E-01   -2.600E-02   -1.892E-02   -6.844E-02    2.991E-02
      .00                               5.535E-02   -2.028E-01   -4.582E-01   -2.767E-02   -3.341E-02   -7.146E-02    3.145E-02
     2.00                               5.383E-02   -1.972E-01   -4.647E-01   -2.939E-02   -4.821E-02   -7.502E-02    3.296E-02
     4.00                               5.061E-02   -1.854E-01   -4.478E-01   -3.120E-02   -6.400E-02   -7.914E-02    3.440E-02
     6.00                               4.619E-02   -1.692E-01   -3.784E-01   -3.284E-02   -8.107E-02   -8.346E-02    3.546E-02
     8.00                               4.401E-02   -1.612E-01   -2.781E-01   -3.347E-02   -9.568E-02   -8.725E-02    3.564E-02
0*** VEHICLE WEIGHT = ********* N. 
0*** LEVEL FLIGHT LIFT COEFFICIENT =********
1                            AUTOMATED STABILITY AND CONTROL METHODS PER APRIL 1976 VERSION OF DATCOM
                                         CHARACTERISTICS OF HIGH LIFT AND CONTROL DEVICES
                                            TAIL PLAIN TRAILING-EDGE FLAP CONFIGURATION
                                                          TOTAL AIRCRAFT
 -----------------------  FLIGHT CONDITIONS  ------------------------           --------------  REFERENCE DIMENSIONS  ------------
  MACH    ALTITUDE   VELOCITY    PRESSURE    TEMPERATURE     REYNOLDS             REF.      REFERENCE LENGTH   MOMENT REF. CENTER
 NUMBER                                                       NUMBER              AREA       LONG.     LAT.     HORIZ      VERT
              M        M/SEC      N/ M**2       DEG K         1/ M                M**2         M         M         M         M
0  .300   15000.00      88.51   5.2830E+00     701.946     1.1214E+05            19.588      2.353     9.620     8.360      .000
0            ---------INCREMENTS DUE TO DEFLECTION---------              ---DERIVATIVES (PER DEGREE)---
0     DELTA     D(CL)     D(CM)    D(CL MAX)    D(CD MIN)                (CLA)D     (CH)A       (CH)D


      -20.0     -.132        nan      .678       .05696                  NDM      -5.795E-03  -1.419E-02
      -10.0     -.086        nan      .392       .01911                  NDM                  -1.322E-02
       -5.0     -.043        nan      .202       .00955                  NDM                  -1.322E-02
         .0      .000        nan      .000       .00002                  NDM                  -1.322E-02
        7.5      .065        nan      .297       .01433                  NDM                  -1.322E-02
       15.0      .124        nan      .547       .03786                  NDM                  -1.340E-02
       20.0      .132        nan      .678       .05696                  NDM                  -1.419E-02
0  *** NOTE * HINGE MOMENT DERIVATIVES ARE BASED ON TWICE THE AREA-MOMENT OF THE CONTROL ABOUT ITS HINGE LINE

0            --------- INDUCED DRAG COEFFICIENT INCREMENT , D(CDI) , DUE TO DEFLECTION ---------
0       DELTA = -20.0     -10.0      -5.0        .0       7.5      15.0      20.0
   ALPHA
0
   -16.0        1.04E-01  5.88E-02  2.51E-02 -4.17E-05 -2.17E-02 -2.47E-02 -2.38E-02
   -12.0        8.57E-02  4.66E-02  1.90E-02 -2.95E-05 -1.26E-02 -7.26E-03 -5.13E-03
    -8.0        6.76E-02  3.48E-02  1.31E-02 -1.78E-05 -3.73E-03  9.66E-03  1.30E-02
    -4.0        4.97E-02  2.32E-02  7.35E-03 -6.14E-06  4.98E-03  2.63E-02  3.08E-02
    -2.0        4.12E-02  1.77E-02  4.57E-03 -5.87E-07  9.14E-03  3.43E-02  3.93E-02
      .0        3.29E-02  1.23E-02  1.87E-03  4.81E-06  1.32E-02  4.21E-02  4.76E-02
     2.0        2.45E-02  6.77E-03 -8.80E-04  1.03E-05  1.73E-02  5.00E-02  5.61E-02
     4.0        1.57E-02  1.08E-03 -3.72E-03  1.60E-05  2.16E-02  5.81E-02  6.48E-02
     6.0        6.34E-03 -5.03E-03 -6.78E-03  2.21E-05  2.62E-02  6.69E-02  7.42E-02
     8.0       -3.69E-03 -1.16E-02 -1.00E-02  2.86E-05  3.11E-02  7.63E-02  8.42E-02
0***NDM PRINTED WHEN NO DATCOM METHODS EXIST
 WARNING*** BODY ALONE DYNAMIC DERIVATIVE METHOD VALID FOR NOSE CYLINDER ONLY
            TAIL EFFECTS IGNORED]
1                               AUTOMATED STABILITY AND CONTROL METHODS PER APRIL 1976 VERSION OF DATCOM
                                         CHARACTERISTICS AT ANGLE OF ATTACK AND IN SIDESLIP
                                        WING-BODY-VERTICAL TAIL-HORIZONTAL TAIL CONFIGURATION
                                                          TOTAL AIRCRAFT
 
 -----------------------  FLIGHT CONDITIONS  ------------------------           --------------  REFERENCE DIMENSIONS  ------------
  MACH    ALTITUDE   VELOCITY    PRESSURE    TEMPERATURE     REYNOLDS             REF.      REFERENCE LENGTH   MOMENT REF. CENTER
 NUMBER                                                       NUMBER              AREA       LONG.     LAT.     HORIZ      VERT
              M        M/SEC      N/ M**2       DEG K         1/ M                M**2         M         M         M         M
0  .350   15000.00     103.26   1.2111E+04     216.650     1.4082E+06            19.588      2.353     9.620     8.360      .000
0                                                               -------------------DERIVATIVE (PER DEGREE)-------------------
0 ALPHA     CD       CL       CM       CN       CA       XCP        CLA          CMA          CYB          CNB          CLB
0
  -16.0     .410   -5.896     .0268  -5.780   -1.231    -.005    4.571E-01    3.789E-01   -6.554E-02    2.218E-02   -3.813E-02
  -12.0     .249   -3.930     .6370  -3.896    -.574    -.163    5.009E-01    1.238E-01                             -3.753E-02
   -8.0     .145   -1.889    1.0170  -1.890    -.119    -.538    5.088E-01    6.095E-02                             -3.721E-02
   -4.0     .104     .140    1.1246    .132     .114    8.504    5.131E-01    1.339E-02                             -3.706E-02
   -2.0     .109    1.172    1.1379   1.168     .150     .975    5.212E-01   -8.588E-04                             -3.699E-02
     .0     .132    2.225    1.1211   2.225     .132     .504    5.316E-01   -1.929E-02                             -3.693E-02
    2.0     .175    3.299    1.0607   3.303     .059     .321    5.428E-01   -4.378E-02                             -3.686E-02
    4.0     .237    4.396     .9460   4.402    -.070     .215    5.127E-01   -8.924E-02                             -3.679E-02
    6.0     .308    5.349     .7037   5.352    -.253     .131    4.366E-01   -1.484E-01                             -3.658E-02
    8.0     .381    6.142     .3524   6.136    -.477     .057    3.567E-01   -2.029E-01                             -3.620E-02
0                                    ALPHA     Q/QINF    EPSLON  D(EPSLON)/D(ALPHA)
0
                                    -16.0      1.000     -4.585         .421
                                    -12.0      1.000     -2.899         .435
                                     -8.0      1.000     -1.105         .454
                                     -4.0      1.000       .732         .474
                                     -2.0      1.000      1.693         .488
                                       .0      1.000      2.682         .488
                                      2.0      1.000      3.647         .470
                                      4.0      1.000      4.563         .431
                                      6.0      1.000      5.372         .385
                                      8.0      1.000      6.102         .365
1                               AUTOMATED STABILITY AND CONTROL METHODS PER APRIL 1976 VERSION OF DATCOM
                                                         DYNAMIC DERIVATIVES
                                        WING-BODY-VERTICAL TAIL-HORIZONTAL TAIL CONFIGURATION
                                                          TOTAL AIRCRAFT
 
 -----------------------  FLIGHT CONDITIONS  ------------------------           --------------  REFERENCE DIMENSIONS  ------------
  MACH    ALTITUDE   VELOCITY    PRESSURE    TEMPERATURE     REYNOLDS             REF.      REFERENCE LENGTH   MOMENT REF. CENTER
 NUMBER                                                       NUMBER              AREA       LONG.     LAT.     HORIZ      VERT
              M        M/SEC      N/ M**2       DEG K         1/ M                M**2         M         M         M         M
0  .350   15000.00     103.26   1.2111E+04     216.650     1.4082E+06            19.588      2.353     9.620     8.360      .000
                                                    DYNAMIC DERIVATIVES (PER DEGREE)
0           -------PITCHING-------    -----ACCELERATION------    --------------ROLLING--------------    --------YAWING--------
0   ALPHA       CLQ          CMQ           CLAD         CMAD         CLP          CYP          CNP          CNR          CLR
0
   -16.00    1.815E-01   -4.943E-01     4.329E-02   -1.586E-01   -4.311E-01   -1.461E-02    7.751E-02   -6.122E-02    1.638E-02
   -12.00                               4.468E-02   -1.637E-01   -4.400E-01   -1.805E-02    5.069E-02   -6.096E-02    2.097E-02
    -8.00                               4.663E-02   -1.708E-01   -4.383E-01   -2.150E-02    2.281E-02   -6.261E-02    2.513E-02
    -4.00                               4.864E-02   -1.782E-01   -4.385E-01   -2.454E-02   -4.709E-03   -6.622E-02    2.853E-02
    -2.00                               5.009E-02   -1.835E-01   -4.462E-01   -2.611E-02   -1.886E-02   -6.872E-02    3.014E-02
      .00                               5.018E-02   -1.838E-01   -4.533E-01   -2.772E-02   -3.329E-02   -7.174E-02    3.170E-02
     2.00                               4.830E-02   -1.769E-01   -4.568E-01   -2.936E-02   -4.797E-02   -7.528E-02    3.320E-02
     4.00                               4.430E-02   -1.623E-01   -4.136E-01   -3.115E-02   -6.440E-02   -7.932E-02    3.462E-02
     6.00                               3.953E-02   -1.448E-01   -3.272E-01   -3.228E-02   -8.035E-02   -8.315E-02    3.523E-02
     8.00                               3.751E-02   -1.374E-01   -2.426E-01   -3.246E-02   -9.327E-02   -8.647E-02    3.509E-02
0*** VEHICLE WEIGHT = ********* N. 
0*** LEVEL FLIGHT LIFT COEFFICIENT =********
1                            AUTOMATED STABILITY AND CONTROL METHODS PER APRIL 1976 VERSION OF DATCOM
                                         CHARACTERISTICS OF HIGH LIFT AND CONTROL DEVICES
                                            TAIL PLAIN TRAILING-EDGE FLAP CONFIGURATION
                                                          TOTAL AIRCRAFT
 -----------------------  FLIGHT CONDITIONS  ------------------------           --------------  REFERENCE DIMENSIONS  ------------
  MACH    ALTITUDE   VELOCITY    PRESSURE    TEMPERATURE     REYNOLDS             REF.      REFERENCE LENGTH   MOMENT REF. CENTER
 NUMBER                                                       NUMBER              AREA       LONG.     LAT.     HORIZ      VERT
              M        M/SEC      N/ M**2       DEG K         1/ M                M**2         M         M         M         M
0  .350   15000.00     103.26   5.2830E+00     701.946     1.3083E+05            19.588      2.353     9.620     8.360      .000
0            ---------INCREMENTS DUE TO DEFLECTION---------              ---DERIVATIVES (PER DEGREE)---
0     DELTA     D(CL)     D(CM)    D(CL MAX)    D(CD MIN)                (CLA)D     (CH)A       (CH)D


      -20.0     -.120        nan      .678       .05695                  NDM      -5.925E-03  -1.443E-02
      -10.0     -.078        nan      .392       .01910                  NDM                  -1.344E-02
       -5.0     -.039        nan      .202       .00955                  NDM                  -1.344E-02
         .0      .000        nan      .000       .00002                  NDM                  -1.344E-02
        7.5      .059        nan      .297       .01432                  NDM                  -1.344E-02
       15.0      .112        nan      .547       .03786                  NDM                  -1.363E-02
       20.0      .120        nan      .678       .05695                  NDM                  -1.443E-02
0  *** NOTE * HINGE MOMENT DERIVATIVES ARE BASED ON TWICE THE AREA-MOMENT OF THE CONTROL ABOUT ITS HINGE LINE

0            --------- INDUCED DRAG COEFFICIENT INCREMENT , D(CDI) , DUE TO DEFLECTION ---------
0       DELTA = -20.0     -10.0      -5.0        .0       7.5      15.0      20.0
   ALPHA
0
   -16.0        1.06E-01  5.96E-02  2.55E-02 -4.24E-05 -2.22E-02 -2.56E-02 -2.48E-02
   -12.0        8.64E-02  4.70E-02  1.92E-02 -2.99E-05 -1.28E-02 -7.62E-03 -5.50E-03
    -8.0        6.80E-02  3.51E-02  1.33E-02 -1.79E-05 -3.83E-03  9.54E-03  1.29E-02
    -4.0        5.00E-02  2.34E-02  7.41E-03 -6.23E-06  4.95E-03  2.64E-02  3.08E-02
    -2.0        4.14E-02  1.78E-02  4.59E-03 -6.01E-07  9.17E-03  3.44E-02  3.95E-02
      .0        3.30E-02  1.23E-02  1.85E-03  4.87E-06  1.33E-02  4.23E-02  4.79E-02
     2.0        2.44E-02  6.67E-03 -9.49E-04  1.05E-05  1.75E-02  5.03E-02  5.65E-02
     4.0        1.53E-02  7.97E-04 -3.88E-03  1.64E-05  2.19E-02  5.88E-02  6.55E-02
     6.0        5.43E-03 -5.65E-03 -7.11E-03  2.28E-05  2.67E-02  6.80E-02  7.55E-02
     8.0       -5.13E-03 -1.25E-02 -1.05E-02  2.97E-05  3.19E-02  7.79E-02  8.60E-02
0***NDM PRINTED WHEN NO DATCOM METHODS EXIST
1 END OF JOB.
